title,doi,journal
"The educational use of social networking sites among medical and health sciences students: a cross campus interventional study",https://doi.org/10.1186/s12909-022-03569-3,"BMC Medical Education"
"“Even though they insult us, the delivery they give us is the greatest thing”: a qualitative study contextualizing women’s experiences with facility-based maternal health care in Ethiopia",https://doi.org/10.1186/s12884-022-04381-z,"BMC Pregnancy and Childbirth"
"The precedence effect in spatial hearing manifests in cortical neural population responses",https://doi.org/10.1186/s12915-022-01228-z,"BMC Biology"
"Text messaging interventions to support smoking cessation among hospitalized patients in Brazil: a randomized comparative effectiveness clinical trial",https://doi.org/10.1186/s13104-022-06002-6,"BMC Research Notes"
"Steroid-mediated liver steatosis is CD1d-dependent, while steroid-induced liver necrosis, inflammation, and metabolic changes are CD1d-independent",https://doi.org/10.1186/s12876-022-02242-9,"BMC Gastroenterology"
"Group Clinical Supervision for midwives and burnout: a cluster randomized controlled trial",https://doi.org/10.1186/s12884-022-04657-4,"BMC Pregnancy and Childbirth"
"Does current ovarian endometrioma increase the time for DOR patients to reach live birth in IVF?",https://doi.org/10.1186/s12884-022-04670-7,"BMC Pregnancy and Childbirth"
"The difference between patients with nephrotic syndrome and nephrotic-range proteinuria in IgA nephropathy: a propensity score matched cohort study",https://doi.org/10.1186/s12882-022-02799-3,"BMC Nephrology"
"Multiple events case–control study in a prospective cohort to identify systemic, cellular, and molecular biomarkers of obesity-induced accelerated aging in 30-years-olds: the ObAGE study protocol",https://doi.org/10.1186/s12877-022-03032-4,"BMC Geriatrics"
"PyToxo: a Python tool for calculating penetrance tables of high-order epistasis models",https://doi.org/10.1186/s12859-022-04645-7,"BMC Bioinformatics"
"Relapsed boyhood tibia polymicrobial osteomyelitis linked to dermatophytosis: a case report",https://doi.org/10.1186/s12893-022-01600-4,"BMC Surgery"
"Cooled radiofrequency ablation of the genicular nerves for chronic pain due to osteoarthritis of the knee: a cost-effectiveness analysis compared with intra-articular hyaluronan injections based on trial data",https://doi.org/10.1186/s12891-022-05445-z,"BMC Musculoskeletal Disorders"
"China industrial environmental database 1998–2015",https://doi.org/10.1038/s41597-022-01362-x,"Scientific Data"
"The role of sentinel node tumor burden in modeling the prognosis of melanoma patients with positive sentinel node biopsy: an Italian melanoma intergroup study (N = 2,086)",https://doi.org/10.1186/s12885-022-09705-y,"BMC Cancer"
"The effect of repetition- and scenario-based repetition strategies on anatomy course achievement, classroom engagement and online learning attitude",https://doi.org/10.1186/s12909-022-03564-8,"BMC Medical Education"
"What can we learn about the psychiatric diagnostic categories by analysing patients' lived experiences with Machine-Learning?",https://doi.org/10.1186/s12888-022-03984-2,"BMC Psychiatry"
"Predicting the pathogenicity of bacterial genomes using widely spread protein families",https://doi.org/10.1186/s12859-022-04777-w,"BMC Bioinformatics"
"Postoperative radiotherapy may not be necessary for locally advanced head and neck squamous cell carcinoma: a case-match multicentre study",https://doi.org/10.1186/s12903-022-02288-x,"BMC Oral Health"
"Using machine learning to predict subsequent events after EMS non-conveyance decisions",https://doi.org/10.1186/s12911-022-01901-x,"BMC Medical Informatics and Decision Making"
"Overdominant expression of related genes of ion homeostasis improves K+ content advantage in hybrid tobacco leaves",https://doi.org/10.1186/s12870-022-03719-1,"BMC Plant Biology"
"Observational data from uncrewed systems over Southern Great Plains",https://doi.org/10.5194/essd-14-3423-2022,"Earth system science data"
"﻿Re-circumscription of the mimosoid genus Entada including new combinations for all species of the phylogenetically nested Elephantorrhiza (Leguminosae, Caesalpinioideae, mimosoid clade)",https://doi.org/10.3897/phytokeys.205.76790,"PhytoKeys"
"Comparison of widefield swept-source optical coherence tomography angiography with ultra-widefield fluorescein angiography for the evaluation of lesions in retinal vein occlusion",https://doi.org/10.1186/s12886-022-02642-1,"BMC Ophthalmology"
"Building the European Social Innovation Database with Natural Language Processing and Machine Learning",https://doi.org/10.1038/s41597-022-01818-0,"Scientific Data"
"Vessel wall imaging features of Moyamoya disease in a North American population: patterns of negative remodelling, contrast enhancement, wall thickening, and stenosis",https://doi.org/10.1186/s12880-022-00930-2,"BMC Medical Imaging"
"Gut microbiota analyses of Saudi populations for type 2 diabetes-related phenotypes reveals significant association",https://doi.org/10.1186/s12866-022-02714-8,"BMC Microbiology"
"Using entropy-driven amplifier circuit response to build nonlinear model under the influence of Lévy jump",https://doi.org/10.1186/s12859-021-04331-0,"BMC Bioinformatics"
"Drug therapy-related problem management in Nigeria community pharmacy – process evaluation with simulated patient",https://doi.org/10.1186/s12913-022-07535-z,"BMC Health Services Research"
"1H NMR based urinary metabolites profiling dataset of canine mammary tumors",https://doi.org/10.1038/s41597-022-01229-1,"Scientific Data"
"Meniscal anterior and posterior horn heights are associated with MRI-defined knee structural abnormalities in middle-aged and elderly patients with symptomatic knee osteoarthritis",https://doi.org/10.1186/s12891-022-05143-w,"BMC Musculoskeletal Disorders"
"Response rate of anticancer drugs approved by the Food and Drug Administration based on a single-arm trial",https://doi.org/10.1186/s12885-022-09383-w,"BMC Cancer"
"Comparison of tumor and two types of paratumoral tissues highlighted epigenetic regulation of transcription during field cancerization in non-small cell lung cancer",https://doi.org/10.1186/s12920-022-01192-1,"BMC Medical Genomics"
"Rates of evolutionary change of resident Escherichia coli O157:H7 differ within the same ecological niche",https://doi.org/10.1186/s12864-022-08497-6,"BMC Genomics"
"Machine learning approaches to predict the 1-year-after-initial-AMI survival of elderly patients",https://doi.org/10.1186/s12911-022-01854-1,"BMC Medical Informatics and Decision Making"
"Validation of aortic valve pressure gradient quantification using semi-automated 4D flow CMR pipeline",https://doi.org/10.1186/s13104-022-06033-z,"BMC Research Notes"
"An annotated corpus of clinical trial publications supporting schema-based relational information extraction",https://doi.org/10.1186/s13326-022-00271-7,"Journal of Biomedical Semantics"
"Plant phenotype relationship corpus for biomedical relationships between plants and phenotypes",https://doi.org/10.1038/s41597-022-01350-1,"Scientific Data"
"Facilitating safety evaluation in maternal immunization trials: a retrospective cohort study to assess pregnancy outcomes and events of interest in low-risk pregnancies in England",https://doi.org/10.1186/s12884-022-04769-x,"BMC Pregnancy and Childbirth"
"Leveraging transcriptome and epigenome landscapes to infer regulatory networks during the onset of sexual maturation",https://doi.org/10.1186/s12864-022-08514-8,"BMC Genomics"
"Obstetric and perinatal outcomes in parturients with active SARS-CoV-2 infection during labor and delivery: a retrospective cohort study",https://doi.org/10.1186/s12884-022-04825-6,"BMC Pregnancy and Childbirth"
"Myths and misconception of COVID-19 among hospital sanitary workers in Pakistan: Efficacy of a training program intervention",https://doi.org/10.1186/s12913-022-08217-6,"BMC Health Services Research"
"Comparison of tensile bond strength of ball attachments made of different materials to root canal dentin after chewing simulation",https://doi.org/10.1186/s12903-022-02282-3,"BMC Oral Health"
"Referral criteria for chronic kidney disease: implications for disease management and healthcare expenditure—analysis of a population-based sample",https://doi.org/10.1186/s12882-022-02845-0,"BMC Nephrology"
"Benchmarking the nutrition-related commitments and practices of major French food companies",https://doi.org/10.1186/s12889-022-13780-y,"BMC Public Health"
"Recruitable alveolar collapse and overdistension during laparoscopic gynecological surgery and mechanical ventilation: a prospective clinical study",https://doi.org/10.1186/s12871-022-01790-7,"BMC Anesthesiology"
"In vitro activity of ceftaroline, ceftazidime-avibactam, and comparators against Gram-positive and -negative organisms in China: the 2018 results from the ATLAS program",https://doi.org/10.1186/s12866-022-02644-5,"BMC Microbiology"
"Gene Identification, expression analysis and molecular docking of ATP sulfurylase in the selenization pathway of Cardamine hupingshanensis",https://doi.org/10.1186/s12870-022-03872-7,"BMC Plant Biology"
"Dataset of the lab-scale 3-axis winding machine integrated with the portable real-time winding angle measurement system",https://doi.org/10.1016/j.dib.2022.108731,"Data in Brief"
"An integrated in silico-in vitro approach for identifying therapeutic targets against osteoarthritis",https://doi.org/10.1186/s12915-022-01451-8,"BMC Biology"
"Prevalence and determinants of hypertension among urban slum dwellers in Bangladesh",https://doi.org/10.1186/s12889-022-14456-3,"BMC Public Health"
"Machine learning techniques on homological persistence features for prostate cancer diagnosis",https://doi.org/10.1186/s12859-022-04992-5,"BMC Bioinformatics"
"The value of cardiac CT in the diagnosis of unroofed coronary sinus syndrome",https://doi.org/10.1186/s12872-022-02966-2,"BMC Cardiovascular Disorders"
"Regulation of Adropin by Sitagliptin monotherapy in participants with newly diagnosed type 2 Diabetes",https://doi.org/10.1186/s12902-022-01233-x,"BMC Endocrine Disorders"
"The effect of informal caregiving on physical health among non-migrants and Ethnic German Immigrants in Germany: a cohort analysis based on the GSOEP 2000–2018",https://doi.org/10.1186/s12889-022-12550-0,"BMC Public Health"
"Using machine learning to detect the differential usage of novel gene isoforms",https://doi.org/10.1186/s12859-022-04576-3,"BMC Bioinformatics"
"Novel insight into pancreatic adenocarcinoma pathogenesis using liquid association analysis",https://doi.org/10.1186/s12920-022-01174-3,"BMC Medical Genomics"
"Conservation of dynamic characteristics of transcriptional regulatory elements in periodic biological processes",https://doi.org/10.1186/s12859-022-04627-9,"BMC Bioinformatics"
"Genome-wide recombination map construction from single sperm sequencing in cattle",https://doi.org/10.1186/s12864-022-08415-w,"BMC Genomics"
"Carbohydrate regulation response to cold during rhizome bud dormancy release in Polygonatum kingianum",https://doi.org/10.1186/s12870-022-03558-0,"BMC Plant Biology"
"The anatomical features of the lateral femoral cutaneous nerve with total hip arthroplasty: a comparative study of direct anterior and anterolateral supine approaches",https://doi.org/10.1186/s12891-022-05224-w,"BMC Musculoskeletal Disorders"
"Transposon activity, local duplications and propagation of structural variants across haplotypes drive the evolution of the Drosophila S2 cell line",https://doi.org/10.1186/s12864-022-08472-1,"BMC Genomics"
"Analysis of the association between areal socioeconomic deprivation levels and viral hepatitis B and C infections in Japanese municipalities",https://doi.org/10.1186/s12889-022-13089-w,"BMC Public Health"
"Personal and professional quality of life among French health care workers during the first COVID-19 wave: a cross-sectional study",https://doi.org/10.1186/s12912-022-00860-y,"BMC Nursing"
"Patients with low back pain presenting for chiropractic care who want diagnostic imaging are more likely to receive referral for imaging: a cross-sectional study",https://doi.org/10.1186/s12998-022-00425-5,"Chiropractic & Manual Therapies"
"The regulatory properties of anger under different goal orientations: the effects of normative and outcome goals",https://doi.org/10.1186/s40359-022-00815-7,"BMC Psychology"
"Accuracy of a score predicting the presence of an atypical pathogen in hospitalized patients with moderately severe community-acquired pneumonia",https://doi.org/10.1186/s12879-022-07423-1,"BMC Infectious Diseases"
"A deep learning approach to predict inter-omics interactions in multi-layer networks",https://doi.org/10.1186/s12859-022-04569-2,"BMC Bioinformatics"
"Personality traits and anxiety in patients with temporomandibular disorders",https://doi.org/10.1186/s40359-022-00795-8,"BMC Psychology"
"Comparison of reader agreement, correlation with liver biopsy, and time-burden sampling strategies for liver proton density fat fraction measured using magnetic resonance imaging in patients with obesity: a secondary cross-sectional study",https://doi.org/10.1186/s12880-022-00821-6,"BMC Medical Imaging"
"Management strategies and outcomes of acute coronary syndrome (ACS) during Covid-19 pandemic",https://doi.org/10.1186/s12872-022-02680-z,"BMC Cardiovascular Disorders"
"Non-invasive quantification of pressure–volume loops in patients with Fontan circulation",https://doi.org/10.1186/s12872-022-02686-7,"BMC Cardiovascular Disorders"
"Assessing multidimensional complexity in home care: congruencies and discrepancies between patients and nurses",https://doi.org/10.1186/s12912-022-00942-x,"BMC Nursing"
"A retrospective descriptive analysis of non-physician-performed prehospital endotracheal intubation practices and performance in South Africa",https://doi.org/10.1186/s12873-022-00688-4,"BMC Emergency Medicine"
"Anaesthesia personnels’ perspectives on digital anaesthesia information management systems – a qualitative study",https://doi.org/10.1186/s12912-022-00998-9,"BMC Nursing"
"Annual summaries dataset of Heatwaves in Europe, as defined by the Excess Heat Factor",https://doi.org/10.1016/j.dib.2022.108511,"Data in Brief"
"Using a theory of change in monitoring, evaluating and steering scale-up of a district-level health management strengthening intervention in Ghana, Malawi, and Uganda – lessons from the PERFORM2Scale consortium",https://doi.org/10.1186/s12913-022-08354-y,"BMC Health Services Research"
"Prevalence and municipal variation in chronic musculoskeletal pain among independent older people: data from the Japan Gerontological Evaluation Study (JAGES)",https://doi.org/10.1186/s12891-022-05694-y,"BMC Musculoskeletal Disorders"
"Data of polycyclic aromatic hydrocarbons concentration in the Siberian Arctic seas sediments",https://doi.org/10.1016/j.dib.2022.108606,"Data in Brief"
"“I don’t know whose mouth has been on this”: youth nicotine and cannabis vaping practices in the context of the COVID-19 pandemic",https://doi.org/10.1186/s12889-022-14201-w,"BMC Public Health"
"DNA ligase IV dificiency with elevated serum IgG levels suspected to have myelodysplastic syndrome: a case report",https://doi.org/10.1186/s12887-022-03655-x,"BMC Pediatrics"
"Olfactory perception of 5α-androst-16-en-3-one: Data obtained in the residents of central Russia",https://doi.org/10.1016/j.dib.2022.108704,"Data in Brief"
"A database of water chemistry in eastern Siberian rivers",https://doi.org/10.1038/s41597-022-01844-y,"Scientific Data"
"Association between loneliness and its components and cognitive function among older Chinese adults living in nursing homes: A mediation of depressive symptoms, anxiety symptoms, and sleep disturbances",https://doi.org/10.1186/s12877-022-03661-9,"BMC Geriatrics"
"Non-negative low-rank representation based on dictionary learning for single-cell RNA-sequencing data analysis",https://doi.org/10.1186/s12864-022-09027-0,"BMC Genomics"
"Semi-supervised incremental learning with few examples for discovering medical association rules",https://doi.org/10.1186/s12911-022-01755-3,"BMC Medical Informatics and Decision Making"
"Prevalence of measles antibodies among migrant workers in Singapore: a serological study to identify susceptible population subgroups",https://doi.org/10.1186/s12879-022-07066-2,"BMC Infectious Diseases"
"Rare coding variants in RCN3 are associated with blood pressure",https://doi.org/10.1186/s12864-022-08356-4,"BMC Genomics"
"Neuroimaging of chronotype, sleep quality and daytime sleepiness: Structural T1-weighted magnetic resonance brain imaging data from 136 young adults",https://doi.org/10.1016/j.dib.2022.107956,"Data in Brief"
"Feasibility of administering human pancreatic cancer chemotherapy in a spontaneous pancreatic cancer mouse model",https://doi.org/10.1186/s12885-022-09255-3,"BMC Cancer"
"Functional interaction between S100A1 and MDM2 may modulate p53 signaling in normal and malignant endometrial cells",https://doi.org/10.1186/s12885-022-09249-1,"BMC Cancer"
"Xanthine oxidoreductase activity in platelet-poor and rich plasma as a oxidative stress indicator in patients required renal replacement therapy",https://doi.org/10.1186/s12882-021-02649-8,"BMC Nephrology"
"MicroRNA-455-3p regulates proliferation and osteoclast differentiation of RAW264.7 cells by targeting PTEN",https://doi.org/10.1186/s12891-022-05266-0,"BMC Musculoskeletal Disorders"
"Probabilistic modeling methods for cell-free DNA methylation based cancer classification",https://doi.org/10.1186/s12859-022-04651-9,"BMC Bioinformatics"
"Estimating RNA dynamics using one time point for one sample in a single-pulse metabolic labeling experiment",https://doi.org/10.1186/s12859-022-04672-4,"BMC Bioinformatics"
"Effectiveness of innovative instructional module for professional competence in health literacy in medical students",https://doi.org/10.1186/s12909-022-03252-7,"BMC Medical Education"
"﻿Molecular phylogeny of Lichen Tiger Moths (Lepidoptera, Erebidae, Arctiinae, Lithosiini): a contribution toward classifying Western Hemisphere genera",https://doi.org/10.3897/zookeys.1108.80783,"ZooKeys"
"﻿Revision of the javanicus species group of the millipede genus Glyphiulus Gervais, 1847, with descriptions of five new species from China (Diplopoda, Spirostreptida, Cambalopsidae)",https://doi.org/10.3897/zookeys.1108.85156,"ZooKeys"
"Mixed methods evaluation of simulation-based training for postpartum hemorrhage management in Guatemala",https://doi.org/10.1186/s12884-022-04845-2,"BMC Pregnancy and Childbirth"
"Data that support the use of agro-industrial residues from orange peel and sugarcane bagasse for the production of carbonaceous structures and their application in the removal of metal ions",https://doi.org/10.1016/j.dib.2022.108410,"Data in Brief"
"Ectopic expression of a combination of 5 genes detects high risk forms of T-cell acute lymphoblastic leukemia",https://doi.org/10.1186/s12864-022-08688-1,"BMC Genomics"
"﻿Updated species checklist of fishes from Lake Dongting in Hunan Province, South China: Species diversity and conservation",https://doi.org/10.3897/zookeys.1108.79960,"ZooKeys"
"Effect of the combination of bumetanide plus chlorthalidone on hypertension and volume overload in patients with chronic kidney disease stage 4–5 KDIGO without renal replacement therapy: a double-blind randomized HEBE-CKD trial",https://doi.org/10.1186/s12882-022-02930-4,"BMC Nephrology"
"Posterior component separation with transversus abdominis muscle release versus mesh-only repair in the treatment of complex ventral-wall hernia: a randomized controlled trial",https://doi.org/10.1186/s12893-022-01794-7,"BMC Surgery"
"Computer grading of lung disease severity in patients with lymphangioleiomyomatosis referred for transplantation",https://doi.org/10.1186/s12890-022-02123-7,"BMC Pulmonary Medicine"
"Designing physical activity interventions for women aged 50+: a qualitative study of participant perspectives",https://doi.org/10.1186/s12889-022-14237-y,"BMC Public Health"
"PolyHaplotyper: haplotyping in polyploids based on bi-allelic marker dosage data",https://doi.org/10.1186/s12859-022-04989-0,"BMC Bioinformatics"
"Genome-wide characterization and expression analysis of the growth-regulating factor family in Saccharum",https://doi.org/10.1186/s12870-022-03891-4,"BMC Plant Biology"
"On-orbit electrical power system dataset of 1U CubeSat constellation",https://doi.org/10.1016/j.dib.2022.108697,"Data in Brief"
"Identifying vertebral fractures in the Japanese population using the trabecular bone score: a cross-sectional study",https://doi.org/10.1186/s12891-022-05839-z,"BMC Musculoskeletal Disorders"
"Hepatic dysfunction and adverse outcomes after total arch repair of acute type a aortic dissection: application of the MELD-XI score",https://doi.org/10.1186/s12872-022-02934-w,"BMC Cardiovascular Disorders"
"Italian law n. 219/2017 on consent and advance directives: survey among Ethics Committees on their involvement and possible role",https://doi.org/10.1186/s12910-022-00858-w,"BMC Medical Ethics"
"Thyroid hormone, cortisol, interleukin-2, and procalcitonin regulate postoperative delirium in acute type A aortic dissection patients",https://doi.org/10.1186/s12872-022-02962-6,"BMC Cardiovascular Disorders"
"Challenges of using external data in clinical trials- an illustration in patients with COVID-19",https://doi.org/10.1186/s12874-022-01769-5,"BMC Medical Research Methodology"
"Implementation of the Mental Capacity Act: a national observational study comparing resultant trends in place of death for older heart failure decedents with or without comorbid dementia",https://doi.org/10.1186/s12916-021-02210-2,"BMC Medicine"
"Dataset on negative symptoms factors in patients with schizophrenia",https://doi.org/10.1016/j.dib.2022.107790,"Data in Brief"
"The survival strength of younger patients in BCLC stage 0-B of hepatocellular carcinoma: basing on competing risk model",https://doi.org/10.1186/s12885-022-09293-x,"BMC Cancer"
"Methodological assessment of the reduction of dissemination risk and quantification of debris dispersion during dissection with a surgical aspirator",https://doi.org/10.1186/s13104-022-05947-y,"BMC Research Notes"
"Integrin β3 in forebrain Emx1-expressing cells regulates repetitive self-grooming and sociability in mice",https://doi.org/10.1186/s12868-022-00691-2,"BMC Neuroscience"
"Single-cell analysis of p53 transitional dynamics unravels stimulus- and cell type-dependent signaling output motifs",https://doi.org/10.1186/s12915-022-01290-7,"BMC Biology"
"A case report of native vertebral osteomyelitis caused by Cutibacterium modestum",https://doi.org/10.1186/s12879-022-07341-2,"BMC Infectious Diseases"
"The MOMANT study, a caregiver support programme with activities at home for people with dementia: a study protocol of a randomised controlled trial",https://doi.org/10.1186/s12877-022-02930-x,"BMC Geriatrics"
"Longitudinal association between the timing of adiposity peak and rebound and overweight at seven years of age",https://doi.org/10.1186/s12887-022-03190-9,"BMC Pediatrics"
"Genomic epidemiology of the Los Angeles COVID-19 outbreak and the early history of the B.1.43 strain in the USA",https://doi.org/10.1186/s12864-022-08488-7,"BMC Genomics"
"Gene expression analysis of resistant and susceptible rice cultivars to sheath blight after inoculation with Rhizoctonia solani",https://doi.org/10.1186/s12864-022-08524-6,"BMC Genomics"
"MeShClust v3.0: high-quality clustering of DNA sequences using the mean shift algorithm and alignment-free identity scores",https://doi.org/10.1186/s12864-022-08619-0,"BMC Genomics"
"Time-course RNA-seq analysis reveals stage-specific and melatonin-triggered gene expression patterns during the hair follicle growth cycle in Capra hircus",https://doi.org/10.1186/s12864-022-08331-z,"BMC Genomics"
"Prevalence, associated factors and perinatal outcomes of antepartum depression in Ibadan Nigeria",https://doi.org/10.1186/s12884-022-04549-7,"BMC Pregnancy and Childbirth"
"LiverScreen project: study protocol for screening for liver fibrosis in the general population in European countries",https://doi.org/10.1186/s12889-022-13724-6,"BMC Public Health"
"The effect of bleaching applications on stained bulk-fill resin composites",https://doi.org/10.1186/s12903-022-02414-9,"BMC Oral Health"
"Dementia risk prediction in individuals with mild cognitive impairment: a comparison of Cox regression and machine learning models",https://doi.org/10.1186/s12874-022-01754-y,"BMC Medical Research Methodology"
"Structural characterization of Platanthera ussuriensis chloroplast genome and comparative analyses with other species of Orchidaceae",https://doi.org/10.1186/s12864-022-08319-9,"BMC Genomics"
"Attendance in physical education classes, sedentary behavior, and different forms of physical activity among schoolchildren: a cross-sectional study",https://doi.org/10.1186/s12889-022-13864-9,"BMC Public Health"
"Modified Northern blot protocol for easy detection of mRNAs in total RNA using radiolabeled probes",https://doi.org/10.1186/s12864-021-08275-w,"BMC Genomics"
"A qualitative exploratory interview study on birth companion support actions for women during childbirth",https://doi.org/10.1186/s12884-022-04398-4,"BMC Pregnancy and Childbirth"
"Prevalence and correlates of disability among urban–rural older adults in Southwest China: a large, population-based study",https://doi.org/10.1186/s12877-022-03193-2,"BMC Geriatrics"
"Statins are associated with reduced likelihood of sarcopenia in a sample of heart failure outpatients: a cross-sectional study",https://doi.org/10.1186/s12872-022-02804-5,"BMC Cardiovascular Disorders"
"Incorporating modified team-based learning into a flipped basic medical laboratory course: impact on student performance and perceptions",https://doi.org/10.1186/s12909-022-03676-1,"BMC Medical Education"
"CTpathway: a CrossTalk-based pathway enrichment analysis method for cancer research",https://doi.org/10.1186/s13073-022-01119-6,"Genome Medicine"
"Accuracy of axial length, keratometry, and refractive measurement with Myopia Master in children with ametropia",https://doi.org/10.1186/s12886-022-02672-9,"BMC Ophthalmology"
"Phenotypic and molecular characterization of a set of tropical maize inbred lines from a public breeding program in Brazil",https://doi.org/10.1186/s12864-021-08127-7,"BMC Genomics"
"Studying patterns and predictors of HIV viral suppression using A Big Data approach: a research protocol",https://doi.org/10.1186/s12879-022-07047-5,"BMC Infectious Diseases"
"Biocontrol properties from phyllospheric bacteria isolated from Solanum lycopersicum and Lactuca sativa and genome mining of antimicrobial gene clusters",https://doi.org/10.1186/s12864-022-08392-0,"BMC Genomics"
"Aldehyde dehydrogenase superfamily in sorghum: genome-wide identification, evolution, and transcript profiling during development stages and stress conditions",https://doi.org/10.1186/s12870-022-03708-4,"BMC Plant Biology"
"Investigating causal relations between sleep duration and risks of adverse pregnancy and perinatal outcomes: linear and nonlinear Mendelian randomization analyses",https://doi.org/10.1186/s12916-022-02494-y,"BMC Medicine"
"Prevalence of self-care disability among older adults in China",https://doi.org/10.1186/s12877-022-03412-w,"BMC Geriatrics"
"Both indirect maternal and direct fetal genetic effects reflect the observational relationship between higher birth weight and lower adult bone mass",https://doi.org/10.1186/s12916-022-02531-w,"BMC Medicine"
"Bile acid distributions, sex-specificity, and prognosis in colorectal cancer",https://doi.org/10.1186/s13293-022-00473-9,"Biology of Sex Differences"
"Prognostic and clinical significance of HER-2 low expression in early-stage gastric cancer",https://doi.org/10.1186/s12885-022-10262-7,"BMC Cancer"
"Association of pain and quality of life among middle-aged and older adults of India",https://doi.org/10.1186/s12877-022-03480-y,"BMC Geriatrics"
"Genetic mutation profiles and immune microenvironment analysis of pulmonary enteric adenocarcinoma",https://doi.org/10.1186/s13000-022-01206-7,"Diagnostic Pathology"
"What ethical approaches are used by scientists when sharing health data? An interview study",https://doi.org/10.1186/s12910-022-00779-8,"BMC Medical Ethics"
"Association between physical activity and physical and functional performance in non-institutionalized Mexican older adults: a cohort study",https://doi.org/10.1186/s12877-022-03083-7,"BMC Geriatrics"
"Vaccination against influenza among Lebanese health care workers in the era of coronavirus disease 2019",https://doi.org/10.1186/s12889-022-12501-9,"BMC Public Health"
"Sirt1 protects against hippocampal atrophy and its induced cognitive impairment in middle-aged mice",https://doi.org/10.1186/s12868-022-00718-8,"BMC Neuroscience"
"Protective Policy Index (PPI) global dataset of origins and stringency of COVID 19 mitigation policies",https://doi.org/10.1038/s41597-022-01437-9,"Scientific Data"
"Comparison of LPS and MS-induced depressive mouse model: behavior, inflammation and biochemical changes",https://doi.org/10.1186/s12888-022-04233-2,"BMC Psychiatry"
"Low-dose spironolactone ameliorates adipose tissue inflammation and apoptosis in letrozole-induced PCOS rat model",https://doi.org/10.1186/s12902-022-01143-y,"BMC Endocrine Disorders"
"The Immune Signatures data resource, a compendium of systems vaccinology datasets",https://doi.org/10.1038/s41597-022-01714-7,"Scientific Data"
"Tuberculosis treatment adherence in the era of COVID-19",https://doi.org/10.1186/s12879-022-07787-4,"BMC Infectious Diseases"
"Clinical decision support system for quality of life among the elderly: an approach using artificial neural network",https://doi.org/10.1186/s12911-022-02044-9,"BMC Medical Informatics and Decision Making"
"The RETA Benchmark for Retinal Vascular Tree Analysis",https://doi.org/10.1038/s41597-022-01507-y,"Scientific Data"
"Modernising grip dynamometry: Inter-instrument reliability between GripAble and Jamar",https://doi.org/10.1186/s12891-022-05026-0,"BMC Musculoskeletal Disorders"
"Osteoclasts secrete leukemia inhibitory factor to promote abnormal bone remodeling of subchondral bone in osteoarthritis",https://doi.org/10.1186/s12891-021-04886-2,"BMC Musculoskeletal Disorders"
"Living conditions, lifestyle habits and health among adults before and after the COVID-19 pandemic outbreak in Sweden - results from a cross-sectional population-based study",https://doi.org/10.1186/s12889-021-12315-1,"BMC Public Health"
"Comprehensive analysis of retracted journal articles in the field of veterinary medicine and animal health",https://doi.org/10.1186/s12917-022-03167-x,"BMC Veterinary Research"
"Population genomics of Zea species identifies selection signatures during maize domestication and adaptation",https://doi.org/10.1186/s12870-022-03427-w,"BMC Plant Biology"
"Reproducible untargeted metabolomics workflow for exhaustive MS2 data acquisition of MS1 features",https://doi.org/10.1186/s13321-022-00586-8,"Journal of Cheminformatics"
"Development of gut microbiota along with its metabolites of preschool children",https://doi.org/10.1186/s12887-021-03099-9,"BMC Pediatrics"
"Overexpression of PFKFB3 promotes cell glycolysis and proliferation in renal cell carcinoma",https://doi.org/10.1186/s12885-022-09183-2,"BMC Cancer"
"Why do first-time mothers not intend to breastfeed? ——A qualitative exploratory study on the decision-making of non-initiation in Jingzhou, China",https://doi.org/10.1186/s12884-022-04494-5,"BMC Pregnancy and Childbirth"
"The association of the spiritual health and psychological well-being of teachers with their organizational commitment",https://doi.org/10.1186/s40359-022-00768-x,"BMC Psychology"
"A comparative study on mental health and adaptability between older and younger adults during the COVID-19 circuit breaker in Singapore",https://doi.org/10.1186/s12889-022-12857-y,"BMC Public Health"
"Integrated analysis of the lncRNA/circRNA-miRNA-mRNA expression profiles reveals novel insights into potential mechanisms in response to root-knot nematodes in peanut",https://doi.org/10.1186/s12864-022-08470-3,"BMC Genomics"
"Antibiotic resistance among bacteria isolated from war-wounded patients at the Weapon Traumatology Training Center of the International Committee of the Red Cross from 2016 to 2019: a secondary analysis of WHONET surveillance data",https://doi.org/10.1186/s12879-022-07253-1,"BMC Infectious Diseases"
"Transcriptomic analysis of Vigna radiata in response to chilling stress and uniconazole application",https://doi.org/10.1186/s12864-022-08443-6,"BMC Genomics"
"Evaluating the clinical impact of routine whole genome sequencing in tuberculosis treatment decisions and the issue of isoniazid mono-resistance",https://doi.org/10.1186/s12879-022-07329-y,"BMC Infectious Diseases"
"The impact of intravenous iron supplementation in elderly patients undergoing major surgery",https://doi.org/10.1186/s12877-022-02983-y,"BMC Geriatrics"
"Optimism and survival: health behaviors as a mediator—a ten-year follow-up study of Chinese elderly people",https://doi.org/10.1186/s12889-022-13090-3,"BMC Public Health"
"Improved outcomes and reduced medical costs through multidisciplinary co-management protocol for geriatric proximal femur fractures: a one-year retrospective study",https://doi.org/10.1186/s12877-022-03014-6,"BMC Geriatrics"
"Exploring reasons for MD-PhD trainees’ experiences of impostor phenomenon",https://doi.org/10.1186/s12909-022-03396-6,"BMC Medical Education"
"Minimal important difference and patient acceptable symptom state for the Numerical Rating Scale (NRS) for pain and the Patient-Rated Wrist/Hand Evaluation (PRWHE) for patients with osteoarthritis at the base of thumb",https://doi.org/10.1186/s12874-022-01600-1,"BMC Medical Research Methodology"
"Epidemiology and outcomes in patients with anemia of CKD not on dialysis from a large US healthcare system database: a retrospective observational study",https://doi.org/10.1186/s12882-022-02778-8,"BMC Nephrology"
"Evaluation of CSTB and DMBT1 expression in saliva of gastric cancer patients and controls",https://doi.org/10.1186/s12885-022-09570-9,"BMC Cancer"
"The first COVID-19 new graduate nurses generation: findings from an Italian cross-sectional study",https://doi.org/10.1186/s12912-022-00885-3,"BMC Nursing"
"Overall and sex-specific risk factors for subjective cognitive decline: findings from the 2015–2018 Behavioral Risk Factor Surveillance System Survey",https://doi.org/10.1186/s13293-022-00425-3,"Biology of Sex Differences"
"Community perspectives on addressing and responding to HIV-testing, pre-exposure prophylaxis (PrEP) and post-exposure prophylaxis (PEP) among African, Caribbean and Black (ACB) people in Ontario, Canada",https://doi.org/10.1186/s12889-022-13093-0,"BMC Public Health"
"Small RNA sequencing and bioinformatics analysis of RAW264.7-derived exosomes after Mycobacterium Bovis Bacillus Calmette-Guérin infection",https://doi.org/10.1186/s12864-022-08590-w,"BMC Genomics"
"The adverse effect of the COVID-19 pandemic on health service usage among patients with type 2 diabetes in North Karelia, Finland",https://doi.org/10.1186/s12913-022-08105-z,"BMC Health Services Research"
"Impact of vaccine hesitancy on secondary COVID-19 outbreaks in the US: an age-structured SIR model",https://doi.org/10.1186/s12879-022-07486-0,"BMC Infectious Diseases"
"CoV2K model, a comprehensive representation of SARS-CoV-2 knowledge and data interplay",https://doi.org/10.1038/s41597-022-01348-9,"Scientific Data"
"Pre-hospital exposures to antibiotics among children presenting with fever in northern Uganda: a facility-based cross-sectional study",https://doi.org/10.1186/s12887-022-03375-2,"BMC Pediatrics"
"A cross-sectional study of student empathy across four medical schools in Denmark—associations between empathy level and age, sex, specialty preferences and motivation",https://doi.org/10.1186/s12909-022-03532-2,"BMC Medical Education"
"Person-centered care content in medicine, occupational therapy, nursing, and physiotherapy education programs",https://doi.org/10.1186/s12909-022-03502-8,"BMC Medical Education"
"Relationship of BMI with the diet, physical activity and oral hygiene practices amongst the dental students",https://doi.org/10.1186/s12903-022-02318-8,"BMC Oral Health"
"Developing a high-resolution gridded rainfall product for Bangladesh during 1901–2018",https://doi.org/10.1038/s41597-022-01568-z,"Scientific Data"
"Identification of WRKY transcription factor family genes in Pinus massoniana Lamb. and their expression patterns and functions in response to drought stress",https://doi.org/10.1186/s12870-022-03802-7,"BMC Plant Biology"
"EUREC&amp;lt;sup&amp;gt;4&amp;lt;/sup&amp;gt;A observations from the SAFIRE ATR42 aircraft",https://doi.org/10.5194/essd-14-2021-2022,"Earth system science data"
"Extraoral low-level laser therapy can decrease pain but not edema and trismus after surgical extraction of impacted mandibular third molars: a randomized, placebo-controlled clinical trial",https://doi.org/10.1186/s12903-022-02461-2,"BMC Oral Health"
"Aspergillus flavus YRB2 from Thymelaea hirsuta (L.) Endl., a non-aflatoxigenic endophyte with ability to overexpress defense-related genes against Fusarium root rot of maize",https://doi.org/10.1186/s12866-022-02651-6,"BMC Microbiology"
"Prediction of successful aging using ensemble machine learning algorithms",https://doi.org/10.1186/s12911-022-02001-6,"BMC Medical Informatics and Decision Making"
"Retinal microvasculature and cerebral hemodynamics in patients with internal carotid artery stenosis",https://doi.org/10.1186/s12883-022-02908-7,"BMC Neurology"
"Feasibility and outcome of reproducible clinical interpretation of high-dimensional molecular data: a comparison of two molecular tumor boards",https://doi.org/10.1186/s12916-022-02560-5,"BMC Medicine"
"Enabling FAIR data in Earth and environmental science with community-centric (meta)data reporting formats",https://doi.org/10.1038/s41597-022-01606-w,"Scientific Data"
"Assessing the feasibility of sustaining SARS-CoV-2 local containment in China in the era of highly transmissible variants",https://doi.org/10.1186/s12916-022-02640-6,"BMC Medicine"
"Comparing ‘clinical hunch’ against clinical decision support systems (PERC rule, wells score, revised Geneva score and YEARS criteria) in the diagnosis of acute pulmonary embolism",https://doi.org/10.1186/s12890-022-02242-1,"BMC Pulmonary Medicine"
"NLRP3 inflammasome regulates astrocyte transformation in brain injury induced by chronic intermittent hypoxia",https://doi.org/10.1186/s12868-022-00756-2,"BMC Neuroscience"
"Negative emotions experienced by healthcare staff following medication administration errors: a descriptive study using text-mining and content analysis of incident data",https://doi.org/10.1186/s12913-022-08818-1,"BMC Health Services Research"
"Excess mortality and the COVID-19 pandemic: causes of death and social inequalities",https://doi.org/10.1186/s12889-022-14785-3,"BMC Public Health"
"CRISP method with flipped classroom approach in ECG teaching of arrhythmia for trainee nurses: a randomized controlled study",https://doi.org/10.1186/s12909-022-03932-4,"BMC Medical Education"
"Genome-wide association study of the candidate genes for grape berry shape-related traits",https://doi.org/10.1186/s12870-022-03434-x,"BMC Plant Biology"
"Safe Pregnancy intervention for intimate partner violence: a randomised controlled trial in Norway among culturally diverse pregnant women",https://doi.org/10.1186/s12884-022-04400-z,"BMC Pregnancy and Childbirth"
"High Intensity Aerobic exercise training and Immune cell Mobilization in patients with lung cancer (HI AIM)—a randomized controlled trial",https://doi.org/10.1186/s12885-022-09349-y,"BMC Cancer"
"Preoperative geriatric nutritional risk index is an independent prognostic factor for postoperative survival after gallbladder cancer radical surgery",https://doi.org/10.1186/s12893-022-01575-2,"BMC Surgery"
"Barriers to and facilitators of effective communication in perinatal care: a qualitative study of the experiences of birthing people with sensory, intellectual, and/or developmental disabilities",https://doi.org/10.1186/s12884-022-04691-2,"BMC Pregnancy and Childbirth"
"Routes to cancer diagnosis for patients with pre-existing psychiatric disorders: a nationwide register-based cohort study",https://doi.org/10.1186/s12885-022-09598-x,"BMC Cancer"
"An investigation of cannabis use for insomnia in depression and anxiety in a naturalistic sample",https://doi.org/10.1186/s12888-022-03948-6,"BMC Psychiatry"
"Genome-wide association study reveals the genetic architecture for calcium accumulation in grains of hexaploid wheat (Triticum aestivum L.)",https://doi.org/10.1186/s12870-022-03602-z,"BMC Plant Biology"
"Activated TAZ induces liver cancer in collaboration with EGFR/HER2 signaling pathways",https://doi.org/10.1186/s12885-022-09516-1,"BMC Cancer"
"Gridded maps of wetlands dynamics over mid-low latitudes for 1980–2020 based on TOPMODEL",https://doi.org/10.1038/s41597-022-01460-w,"Scientific Data"
"Influence of coronal-morphology of endplate and intervertebral space to cage subsidence and fusion following oblique lumbar interbody fusion",https://doi.org/10.1186/s12891-022-05584-3,"BMC Musculoskeletal Disorders"
"Accumulation of copy number alterations and clinical progression across advanced prostate cancer",https://doi.org/10.1186/s13073-022-01080-4,"Genome Medicine"
"Food insecurity and eating habits of Lebanese children aged 5–11 years during the COVID-19 pandemic and the socioeconomic crisis: a national study",https://doi.org/10.1186/s12889-022-14387-z,"BMC Public Health"
"Effects of vitamin D supplementation on depression and some selected pro-inflammatory biomarkers: a double-blind randomized clinical trial",https://doi.org/10.1186/s12888-022-04305-3,"BMC Psychiatry"
"Structural tissue damage and 24-month progression of semi-quantitative MRI biomarkers of knee osteoarthritis in the IMI-APPROACH cohort",https://doi.org/10.1186/s12891-022-05926-1,"BMC Musculoskeletal Disorders"
"Individual dynamic prediction of clinical endpoint from large dimensional longitudinal biomarker history: a landmark approach",https://doi.org/10.1186/s12874-022-01660-3,"BMC Medical Research Methodology"
"Orientation of medical trainees to a new clinical environment (the ready-steady-go model): a constructivist grounded theory study",https://doi.org/10.1186/s12909-022-03105-3,"BMC Medical Education"
"Radiosynthesis of a novel antisense imaging probe targeting LncRNA HOTAIR in malignant glioma",https://doi.org/10.1186/s12885-022-09170-7,"BMC Cancer"
"Associations between motorized transport access, out-of-home activities, and life-space mobility in older adults in Japan",https://doi.org/10.1186/s12889-022-13033-y,"BMC Public Health"
"A longitudinal cohort study of gestational diabetes mellitus and perinatal depression",https://doi.org/10.1186/s12884-022-04667-2,"BMC Pregnancy and Childbirth"
"Integrative analysis of circRNA, miRNA, and mRNA profiles to reveal ceRNA regulation in chicken muscle development from the embryonic to post-hatching periods",https://doi.org/10.1186/s12864-022-08525-5,"BMC Genomics"
"Impacts of early clinical exposure on undergraduate student professionalism—a qualitative study",https://doi.org/10.1186/s12909-022-03505-5,"BMC Medical Education"
"The association between shift work disorder and turnover intention among nurses",https://doi.org/10.1186/s12912-022-00928-9,"BMC Nursing"
"Sensitivity and specificity of OraQuick® HIV self-test compared to a 4th generation laboratory reference standard algorithm in urban and rural Zambia",https://doi.org/10.1186/s12879-022-07457-5,"BMC Infectious Diseases"
"Healthcare professionals’ perceptions of patient safety culture and teamwork in intrapartum care: a cross-sectional study",https://doi.org/10.1186/s12913-022-08145-5,"BMC Health Services Research"
"Deoxynivalenol damages the intestinal barrier and biota of the broiler chickens",https://doi.org/10.1186/s12917-022-03392-4,"BMC Veterinary Research"
"Characteristics of people with epilepsy in three Eastern African countries – a pooled analysis",https://doi.org/10.1186/s12883-022-02813-z,"BMC Neurology"
"Dataset for human fall recognition in an uncontrolled environment",https://doi.org/10.1016/j.dib.2022.108610,"Data in Brief"
"Tropospheric water vapor: a comprehensive high-resolution data collection for the transnational Upper Rhine Graben region",https://doi.org/10.5194/essd-14-5287-2022,"Earth system science data"
"Exploring the acceptability and experience of receiving diabetes and pregnancy care via telehealth during the COVID-19 pandemic: a qualitative study",https://doi.org/10.1186/s12884-022-05175-z,"BMC Pregnancy and Childbirth"
"Impact of coronavirus disease 2019 on the number of newly diagnosed cancer patients and examinations and surgeries performed for cancer in Japan: a nationwide study",https://doi.org/10.1186/s12885-022-10417-6,"BMC Cancer"
"Genetic control of tolerance to drought stress in soybean",https://doi.org/10.1186/s12870-022-03996-w,"BMC Plant Biology"
"A high-quality pseudo-phased genome for <i>Melaleuca quinquenervia</i> shows allelic diversity of NLR-type resistance genes",https://doi.org/10.1093/gigascience/giad102,"GigaScience"
"Global analysis of switchgrass (Panicum virgatum L.) transcriptomes in response to interactive effects of drought and heat stresses",https://doi.org/10.1186/s12870-022-03477-0,"BMC Plant Biology"
"Contribution of 3D genome topological domains to genetic risk of cancers: a genome-wide computational study",https://doi.org/10.1186/s40246-022-00375-2,"Human Genomics"
"Metabolically healthy versus unhealthy obese phenotypes in relation to hypertension incidence; a prospective cohort study",https://doi.org/10.1186/s12872-022-02553-5,"BMC Cardiovascular Disorders"
"Prevalence of constipation and use of laxatives, and association with risk factors among older patients during hospitalization: a cross sectional study",https://doi.org/10.1186/s12876-022-02195-z,"BMC Gastroenterology"
"Risk factors of the post-reperfusion syndrome during orthotopic liver transplantation: a clinical observational study",https://doi.org/10.1186/s12871-022-01635-3,"BMC Anesthesiology"
"Accumulation in nutrient acquisition strategies of arbuscular mycorrhizal fungi and plant roots in poor and heterogeneous soils of karst shrub ecosystems",https://doi.org/10.1186/s12870-022-03514-y,"BMC Plant Biology"
"LMOD1, an oncogene associated with Lauren classification, regulates the metastasis of gastric cancer cells through the FAK-AKT/mTOR pathway",https://doi.org/10.1186/s12885-022-09541-0,"BMC Cancer"
"Association of gut microbiota with idiopathic membranous nephropathy",https://doi.org/10.1186/s12882-022-02797-5,"BMC Nephrology"
"Emotion dysregulation and heart rate variability improve in US veterans undergoing treatment for posttraumatic stress disorder: Secondary exploratory analyses from a randomised controlled trial",https://doi.org/10.1186/s12888-022-03886-3,"BMC Psychiatry"
"Contributing to collaborative health governance in Africa: a realist evaluation of the Universal Health Coverage Partnership",https://doi.org/10.1186/s12913-022-08120-0,"BMC Health Services Research"
"Exploring the relationship between co-worker and supervisor support, self- confidence, coping skills and burnout in residential aged care staff",https://doi.org/10.1186/s12912-022-00901-6,"BMC Nursing"
"Systematic analysis and expression profiles of TCP gene family in Tartary buckwheat (Fagopyrum tataricum (L.) Gaertn.) revealed the potential function of FtTCP15 and FtTCP18 in response to abiotic stress",https://doi.org/10.1186/s12864-022-08618-1,"BMC Genomics"
"“Not shifting, but sharing”: stakeholders' perspectives on mental health task-shifting in Indonesia",https://doi.org/10.1186/s12912-022-00945-8,"BMC Nursing"
"Comorbidities of nontuberculous mycobacteria infection in Korean adults: results from the National Health Insurance Service–National Sample Cohort (NHIS–NSC) database",https://doi.org/10.1186/s12890-022-02075-y,"BMC Pulmonary Medicine"
"Arcuate AgRP, but not POMC neurons, modulate paraventricular CRF synthesis and release in response to fasting",https://doi.org/10.1186/s13578-022-00853-z,"Cell & Bioscience"
"Prognostic value of systemic inflammation response index in nasopharyngeal carcinoma with negative Epstein-Barr virus DNA",https://doi.org/10.1186/s12885-022-09942-1,"BMC Cancer"
"Osteoclast-derived extracellular vesicles are implicated in sensory neurons sprouting through the activation of epidermal growth factor signaling",https://doi.org/10.1186/s13578-022-00864-w,"Cell & Bioscience"
"Workforce situation of the Chinese mental health care system: results from a cross-sectional study",https://doi.org/10.1186/s12888-022-04204-7,"BMC Psychiatry"
"Combined nanometric and phylogenetic analysis of unique endocytic compartments in Giardia lamblia sheds light on the evolution of endocytosis in Metamonada",https://doi.org/10.1186/s12915-022-01402-3,"BMC Biology"
"On the role of financial support programs in mitigating the SARS-CoV-2 spread in Brazil",https://doi.org/10.1186/s12889-022-14155-z,"BMC Public Health"
"Simulated redistricting plans for the analysis and evaluation of redistricting in the United States",https://doi.org/10.1038/s41597-022-01808-2,"Scientific Data"
"The antibiofilm activity of selected substances used in oral health prophylaxis",https://doi.org/10.1186/s12903-022-02532-4,"BMC Oral Health"
"Hydrogen peroxide pretreatment assisted phytoremediation of sodium dodecyl sulfate by Juncus acutus L",https://doi.org/10.1186/s12870-022-03984-0,"BMC Plant Biology"
"The prevalance of binge eating disorder and associated psychiatric and substance use disorders in a student population in Kenya – towards a public health approach",https://doi.org/10.1186/s12888-022-03761-1,"BMC Psychiatry"
"Combining faecal immunochemical testing with blood test results for colorectal cancer risk stratification: a consecutive cohort of 16,604 patients presenting to primary care",https://doi.org/10.1186/s12916-022-02272-w,"BMC Medicine"
"Body size in early life and the risk of postmenopausal breast cancer",https://doi.org/10.1186/s12885-022-09233-9,"BMC Cancer"
"Rice (Oryza sativa L.) cytochrome P450 protein 716A subfamily CYP716A16 regulates disease resistance",https://doi.org/10.1186/s12864-022-08568-8,"BMC Genomics"
"Abundant small RNAs in the reproductive tissues and eggs of the honey bee, Apis mellifera",https://doi.org/10.1186/s12864-022-08478-9,"BMC Genomics"
"Regulatory emotional self-efficacy and psychological distress among medical students: multiple mediating roles of interpersonal adaptation and self-acceptance",https://doi.org/10.1186/s12909-022-03338-2,"BMC Medical Education"
"MSAL-Net: improve accurate segmentation of nuclei in histopathology images by multiscale attention learning network",https://doi.org/10.1186/s12911-022-01826-5,"BMC Medical Informatics and Decision Making"
"Effects of different water conditions on the biomass, root morphology and aerenchyma formation in bermudagrass (Cynodon dactylon (L.) Pers)",https://doi.org/10.1186/s12870-022-03653-2,"BMC Plant Biology"
"Reactogenicity after heterologous and homologous COVID-19 prime-boost vaccination regimens: descriptive interim results of a comparative observational cohort study",https://doi.org/10.1186/s12879-022-07443-x,"BMC Infectious Diseases"
"DNL-Net: deformed non-local neural network for blood vessel segmentation",https://doi.org/10.1186/s12880-022-00836-z,"BMC Medical Imaging"
"The NEON Daily Isotopic Composition of Environmental Exchanges Dataset",https://doi.org/10.1038/s41597-022-01412-4,"Scientific Data"
"Trends in avoidable hospitalizations in a developed City in eastern China: 2015 to 2018",https://doi.org/10.1186/s12913-022-08275-w,"BMC Health Services Research"
"LiSA: an assisted literature search pipeline for detecting serious adverse drug events with deep learning",https://doi.org/10.1186/s12911-022-02085-0,"BMC Medical Informatics and Decision Making"
"M6A-related lncRNAs predict clinical outcome and regulate the tumor immune microenvironment in hepatocellular carcinoma",https://doi.org/10.1186/s12885-022-09925-2,"BMC Cancer"
"PLAS-5k: Dataset of Protein-Ligand Affinities from Molecular Dynamics for Machine Learning Applications",https://doi.org/10.1038/s41597-022-01631-9,"Scientific Data"
"Exploring patient experiences with a telehealth approach for the PRO-ACTIVE trial intervention in head and neck cancer patients",https://doi.org/10.1186/s12913-022-08554-6,"BMC Health Services Research"
"Physiological and protein profiling analysis provides insight into the underlying molecular mechanism of potato tuber development regulated by jasmonic acid in vitro",https://doi.org/10.1186/s12870-022-03852-x,"BMC Plant Biology"
"Determining the influence of different linking patterns on the stability of students’ score adjustments produced using Video-based Examiner Score Comparison and Adjustment (VESCA)",https://doi.org/10.1186/s12909-022-03115-1,"BMC Medical Education"
"Epigenetic landscape of drug responses revealed through large-scale ChIP-seq data analyses",https://doi.org/10.1186/s12859-022-04571-8,"BMC Bioinformatics"
"Environmental and individual factors associated with gestational weight gain",https://doi.org/10.1186/s12889-022-12948-w,"BMC Public Health"
"Peri-tumoural spatial distribution of lipid composition and tubule formation in breast cancer",https://doi.org/10.1186/s12885-022-09362-1,"BMC Cancer"
"Laboratory modelling of urban flooding",https://doi.org/10.1038/s41597-022-01282-w,"Scientific Data"
"Long noncoding RNA MALAT1 polymorphism predicts MACCEs in patients with myocardial infarction",https://doi.org/10.1186/s12872-022-02590-0,"BMC Cardiovascular Disorders"
"Anaplasma phagocytophilum in Marmota himalayana",https://doi.org/10.1186/s12864-022-08557-x,"BMC Genomics"
"Clonal spread of carbapenemase-producing Enterobacteriaceae in a region, China",https://doi.org/10.1186/s12866-022-02497-y,"BMC Microbiology"
"Serum total bilirubin and long-term prognosis of patients with new-onset non-ST elevation myocardial infarction: a cohort study",https://doi.org/10.1186/s12872-022-02607-8,"BMC Cardiovascular Disorders"
"Degradome sequencing reveals an integrative miRNA-mediated gene interaction network regulating rice seed vigor",https://doi.org/10.1186/s12870-022-03645-2,"BMC Plant Biology"
"Streptomyces coeruleorubidus as a potential biocontrol agent for Newcastle disease virus",https://doi.org/10.1186/s12917-022-03349-7,"BMC Veterinary Research"
"Microbiome function underpins the efficacy of a fiber-supplemented dietary intervention in dogs with chronic large bowel diarrhea",https://doi.org/10.1186/s12917-022-03315-3,"BMC Veterinary Research"
"TG/HDL-C ratio predicts in-hospital mortality in patients with acute type A aortic dissection",https://doi.org/10.1186/s12872-022-02793-5,"BMC Cardiovascular Disorders"
"Photoselective sharp enucleation of the prostate with a front-firing 532-nm laser versus photoselective vaporization of the prostate in the treatment of benign prostatic hyperplasia: a randomised controlled trial with 1-year followup results",https://doi.org/10.1186/s12894-022-01129-x,"BMC Urology"
"Evaluation of the quality of multiple-choice questions according to the students’ academic level",https://doi.org/10.1186/s12909-022-03844-3,"BMC Medical Education"
"Evolution and functional analysis of the GRAS family genes in six Rosaceae species",https://doi.org/10.1186/s12870-022-03925-x,"BMC Plant Biology"
"Copper selects for siderophore-mediated virulence in Pseudomonas aeruginosa",https://doi.org/10.1186/s12866-022-02720-w,"BMC Microbiology"
"Exploring the lived experience of mental health and coping during unemployment",https://doi.org/10.1186/s12889-022-14858-3,"BMC Public Health"
"Prevalence and the associated factors of hepatitis B and hepatitis C viral infections among HIV-positive individuals in same-day antiretroviral therapy initiation program in Bangkok, Thailand",https://doi.org/10.1186/s12889-021-12429-6,"BMC Public Health"
"Distribution of risk factors of ischemic stroke in Chinese young adults and its correlation with prognosis",https://doi.org/10.1186/s12883-022-02552-1,"BMC Neurology"
"Intestinal microsporidiosis among HIV/AIDS patients receiving antiretroviral therapy in Sana’a city, Yemen: first report on prevalence and predictors",https://doi.org/10.1186/s12879-021-07009-3,"BMC Infectious Diseases"
"Molecular characterization of Trypanosoma evansi, T. vivax and T. congolense in camels (Camelus dromedarius) of KSA",https://doi.org/10.1186/s12917-022-03148-0,"BMC Veterinary Research"
"Prevalence of risk behaviors and correlates of SARS-CoV-2 positivity among in-school contacts of confirmed cases in a Georgia school district in the pre-vaccine era, December 2020–January 2021",https://doi.org/10.1186/s12889-021-12347-7,"BMC Public Health"
"Measuring personal recovery in a low-intensity community mental healthcare setting: validation of the Dutch version of the individual recovery outcomes counter (I.ROC)",https://doi.org/10.1186/s12888-022-03697-6,"BMC Psychiatry"
"Coding quality of deaths and its impact on elderly unintentional fall mortality data from 1990 to 2019: a retrospective analysis of the WHO Mortality Database",https://doi.org/10.1186/s12877-021-02744-3,"BMC Geriatrics"
"Remote interpreting in primary care settings: a feasibility trial in Germany",https://doi.org/10.1186/s12913-021-07372-6,"BMC Health Services Research"
"Physiological response of Kobresia pygmaea to temperature changes on the Qinghai-Tibet Plateau",https://doi.org/10.1186/s12870-022-03428-9,"BMC Plant Biology"
"Parenting practices and oral health behaviors of children in rural Egypt: gender differences in a household survey",https://doi.org/10.1186/s12903-022-02054-z,"BMC Oral Health"
"Community pharmacist counseling improves adherence and asthma control: a nationwide study",https://doi.org/10.1186/s12913-022-07518-0,"BMC Health Services Research"
"Metabolic differences of two constructive species in saline-alkali grassland in China",https://doi.org/10.1186/s12870-021-03401-y,"BMC Plant Biology"
"Sequential endoscopic and robot-assisted surgical solutions for a rare fungal spondylodiscitis, secondary lumbar spinal stenosis, and subsequent discal pseudocyst causing acute cauda equina syndrome: a case report",https://doi.org/10.1186/s12893-022-01493-3,"BMC Surgery"
"Bilateral blindness after uneventful brolucizumab injection for macular degeneration",https://doi.org/10.1186/s12886-022-02305-1,"BMC Ophthalmology"
"A prospective cohort study examining exposure to incarceration and cardiovascular disease (Justice-Involved Individuals Cardiovascular Disease Epidemiology – JUSTICE study): a protocol paper",https://doi.org/10.1186/s12889-022-12688-x,"BMC Public Health"
"Implementation of a campus-based and peer-delivered HIV self-testing intervention to improve the uptake of HIV testing services among university students in Zimbabwe: the SAYS initiative",https://doi.org/10.1186/s12913-022-07622-1,"BMC Health Services Research"
"Integrated analysis of the prognostic and oncogenic roles of OPN3 in human cancers",https://doi.org/10.1186/s12885-022-09219-7,"BMC Cancer"
"Understanding how context and culture in six communities can shape implementation of a complex intervention: a comparative case study",https://doi.org/10.1186/s12913-022-07615-0,"BMC Health Services Research"
"Assessing the impact of public transfer payments on the vulnerability of rural households to healthcare poverty in China",https://doi.org/10.1186/s12913-022-07604-3,"BMC Health Services Research"
"Super-resolution imaging of Douglas fir xylem cell wall nanostructure using SRRF microscopy",https://doi.org/10.1186/s13007-022-00865-3,"Plant Methods"
"Are pro-inflammatory markers associated with psychological distress in a cross-sectional study of healthy adolescents 15–17 years of age? The Fit Futures study",https://doi.org/10.1186/s40359-022-00779-8,"BMC Psychology"
"An evaluation of the quality of online perinatal depression information",https://doi.org/10.1186/s12884-021-04320-4,"BMC Pregnancy and Childbirth"
"Morphological and phonological processing in English monolingual, Chinese-English bilingual, and Spanish-English bilingual children: An fNIRS neuroimaging dataset",https://doi.org/10.1016/j.dib.2022.108048,"Data in Brief"
"Association of CATSPER1, SPATA16 and TEX11 genes polymorphism with idiopathic azoospermia and oligospermia risk in Iranian population",https://doi.org/10.1186/s12920-022-01197-w,"BMC Medical Genomics"
"Exploring experiences and needs of spousal carers of people with behavioural variant frontotemporal dementia (bvFTD) including those with familial FTD (fFTD): a qualitative study",https://doi.org/10.1186/s12877-022-02867-1,"BMC Geriatrics"
"Formulation of teaching strategies for graduation internship based on the experiential learning styles of nursing undergraduates: a non-randomized controlled trial",https://doi.org/10.1186/s12909-022-03221-0,"BMC Medical Education"
"Development and validation of the geriatrics health behavior questionnaire (GHBQ)",https://doi.org/10.1186/s12889-022-12927-1,"BMC Public Health"
"Nurses’ experiences of blood sample collection from children: a qualitative study from Swedish paediatric hospital care",https://doi.org/10.1186/s12912-022-00840-2,"BMC Nursing"
"Subjective perception of life stress events affects long-term pain: the role of resilience",https://doi.org/10.1186/s40359-022-00765-0,"BMC Psychology"
"Impact of interval between induction of spinal anesthesia to delivery on umbilical arterial cord ph of neonates delivered by elective cesarean section",https://doi.org/10.1186/s12884-022-04536-y,"BMC Pregnancy and Childbirth"
"Cost-utility analysis of four WHO-recommended sofosbuvir-based regimens for the treatment of chronic hepatitis C in sub-Saharan Africa",https://doi.org/10.1186/s12913-021-07289-0,"BMC Health Services Research"
"Use of levosimendan combined with Shenfu injection to treat acute heart failure patients with hypotension: a prospective randomized controlled single-blind study",https://doi.org/10.1186/s12872-022-02572-2,"BMC Cardiovascular Disorders"
"Acute kidney injury following major emergency abdominal surgery – a retrospective cohort study based on medical records data",https://doi.org/10.1186/s12882-022-02708-8,"BMC Nephrology"
"Association between total protein intake and low muscle mass in Korean adults",https://doi.org/10.1186/s12877-022-03019-1,"BMC Geriatrics"
"Physiological attributes and transcriptomics analyses reveal the mechanism response of Helictotrichon virescens to low temperature stress",https://doi.org/10.1186/s12864-022-08526-4,"BMC Genomics"
"Association mapping reveals a reciprocal virulence/avirulence locus within diverse US Pyrenophora teres f. maculata isolates",https://doi.org/10.1186/s12864-022-08529-1,"BMC Genomics"
"Gender differences in measles incidence rates in a multi-year, pooled analysis, based on national data from seven high income countries",https://doi.org/10.1186/s12879-022-07340-3,"BMC Infectious Diseases"
"New diagnosis of mother-to-child transmission of HIV in 8 Latin-American countries during 2018",https://doi.org/10.1186/s12879-022-07311-8,"BMC Infectious Diseases"
"Workplace violence toward emergency medicine physicians in the hospitals of Taif city, Saudi Arabia: a cross-sectional survey",https://doi.org/10.1186/s12873-022-00620-w,"BMC Emergency Medicine"
"Patient and family involvement in Choosing Wisely initiatives: a mixed methods study",https://doi.org/10.1186/s12913-022-07861-2,"BMC Health Services Research"
"Recommendations made by patients, caregivers, providers, and decision-makers to improve transitions in care for older adults with hip fracture: a qualitative study in Ontario, Canada",https://doi.org/10.1186/s12877-022-02943-6,"BMC Geriatrics"
"Unraveling the expression of differentially expressed proteins and enzymatic activity in response to Phytophthora nicotianae across different flue-cured tobacco cultivars",https://doi.org/10.1186/s12866-022-02531-z,"BMC Microbiology"
"Surgical wait times and socioeconomic status in a public healthcare system: a retrospective analysis",https://doi.org/10.1186/s12913-022-07976-6,"BMC Health Services Research"
"(GTG)5-PCR fingerprinting of multi-drug resistant Escherichia coli bacteria isolates from hospital in Ouagadougou, Burkina Faso",https://doi.org/10.1186/s12866-022-02537-7,"BMC Microbiology"
"Desflurane improves lung collapse more than propofol during one-lung ventilation and reduces operation time in lobectomy by video-assisted thoracic surgery: a randomized controlled trial",https://doi.org/10.1186/s12871-022-01669-7,"BMC Anesthesiology"
"Effects of aerobic exercise on quality of life of people with HIV-associated neurocognitive disorder on antiretroviral therapy: a randomised controlled trial",https://doi.org/10.1186/s12879-022-07389-0,"BMC Infectious Diseases"
"Improving medical term embeddings using UMLS Metathesaurus",https://doi.org/10.1186/s12911-022-01850-5,"BMC Medical Informatics and Decision Making"
"Development and consensus of entrustable professional activities for final-year medical students in anaesthesiology",https://doi.org/10.1186/s12871-022-01668-8,"BMC Anesthesiology"
"Fatty liver index for hyperuricemia diagnosis: a community-based cohort study",https://doi.org/10.1186/s12902-022-01030-6,"BMC Endocrine Disorders"
"Self-reported chronic kidney disease and the risk of all-cause and cause-specific mortality: outcome-wide association study of 54 causes of death in the National Health Interview Survey",https://doi.org/10.1186/s12882-022-02771-1,"BMC Nephrology"
"Transcriptome and metabolome analyses reveal new insights into chlorophyll, photosynthesis, metal ion and phenylpropanoids related pathways during sugarcane ratoon chlorosis",https://doi.org/10.1186/s12870-022-03588-8,"BMC Plant Biology"
"Throat carriage rate, associated factors, and antimicrobial susceptibility pattern of group A Streptococcus among healthy school children in Jigjiga City, Eastern Ethiopia",https://doi.org/10.1186/s12887-022-03294-2,"BMC Pediatrics"
"Bacterial community and chemical profiles of oil-polluted sites in selected cities of Uganda: potential for developing a bacterial-based product for remediation of oil-polluted sites",https://doi.org/10.1186/s12866-022-02541-x,"BMC Microbiology"
"Prevalence and genotypes distribution of group A rotavirus among outpatient children under 5 years with acute diarrhea in Shanghai, China, 2012–2018",https://doi.org/10.1186/s12876-022-02288-9,"BMC Gastroenterology"
"Gaur genome reveals expansion of sperm odorant receptors in domesticated cattle",https://doi.org/10.1186/s12864-022-08561-1,"BMC Genomics"
"FAM201A, a long noncoding RNA potentially associated with atrial fibrillation identified by ceRNA network analyses and WGCNA",https://doi.org/10.1186/s12920-022-01232-w,"BMC Medical Genomics"
"Physiological adjustment of pomegranate pericarp responding to sunburn and its underlying molecular mechanisms",https://doi.org/10.1186/s12870-022-03534-8,"BMC Plant Biology"
"Reliability and validity of the fall risk self-assessment scale for community-dwelling older people in China: a pilot study",https://doi.org/10.1186/s12877-022-02962-3,"BMC Geriatrics"
"Hemostatic efficacy and safety of the hemostatic powder UI-EWD in patients with lower gastrointestinal bleeding",https://doi.org/10.1186/s12876-022-02247-4,"BMC Gastroenterology"
"Genome-wide association studies for immunoglobulin concentrations in colostrum and serum in Chinese Holstein",https://doi.org/10.1186/s12864-021-08250-5,"BMC Genomics"
"Provider perspectives on emergency department initiation of medication assisted treatment for alcohol use disorder",https://doi.org/10.1186/s12913-022-07862-1,"BMC Health Services Research"
"Reactive nitrogen fluxes over peatland and forest ecosystems using micrometeorological measurement techniques",https://doi.org/10.5194/essd-14-743-2022,"Earth system science data"
"Examining the views of operating room nurses and physicians on the relationship between professional values and professional communication",https://doi.org/10.1186/s12912-021-00778-x,"BMC Nursing"
"Diversity and distribution of Oxytropis DC. (Fabaceae) species in Asian Russia",https://doi.org/10.3897/bdj.10.e78666,"Biodiversity Data Journal"
"Association between annual change in FEV1 and comorbidities or impulse oscillometry in chronic obstructive pulmonary disease",https://doi.org/10.1186/s12890-022-01980-6,"BMC Pulmonary Medicine"
"Factors associated with a change in smoking habit during the first COVID-19 lockdown: an Italian cross-sectional study among ever-smokers",https://doi.org/10.1186/s12889-022-13404-5,"BMC Public Health"
"﻿Life cycle and description of the immature stages of a terrestrial firefly endemic to Mexico: Photinus extensus Gorham (Coleoptera, Lampyridae)",https://doi.org/10.3897/zookeys.1104.80624,"ZooKeys"
"Attitudes of home-visiting nurses toward risk management of patient safety incidents in Japan",https://doi.org/10.1186/s12912-022-00905-2,"BMC Nursing"
"Analysis of influence of physical health factors on subjective wellbeing of middle-aged and elderly women in China",https://doi.org/10.1186/s12889-022-12655-6,"BMC Public Health"
"Effect of specific training course for competency in professional oral hygiene care in the intensive care unit: a quasi-experimental study for developing a standardized learning curve",https://doi.org/10.1186/s12871-022-01709-2,"BMC Anesthesiology"
"Comparisons of cell proliferation and cell death from tornaria larva to juvenile worm in the hemichordate Schizocardium californicum",https://doi.org/10.1186/s13227-022-00198-1,"EvoDevo"
"How does re-classification of variants of unknown significance (VUS) impact the management of patients at risk for hereditary breast cancer?",https://doi.org/10.1186/s12920-022-01270-4,"BMC Medical Genomics"
"Adolescents’ lived experience of panic disorder: an interpretative phenomenological analysis",https://doi.org/10.1186/s40359-022-00849-x,"BMC Psychology"
"Fondaparinux sodium and low molecular weight heparin for venous thromboembolism prophylaxis in Chinese patients with major orthopedic surgery or trauma: a real-world study",https://doi.org/10.1186/s12893-022-01652-6,"BMC Surgery"
"Effect of physical therapy on bone remodelling in preterm infants: a multicenter randomized controlled clinical trial",https://doi.org/10.1186/s12887-022-03402-2,"BMC Pediatrics"
"A positive faecal immunochemical test result and its association with the incidence of rheumatoid arthritis, systemic lupus erythematosus, and psoriatic arthritis: an analysis of one-million national colorectal cancer screening programme results",https://doi.org/10.1186/s12916-022-02416-y,"BMC Medicine"
"MdNup62 interactions with MdHSFs involved in flowering and heat-stress tolerance in apple",https://doi.org/10.1186/s12870-022-03698-3,"BMC Plant Biology"
"Ginkgolide B improved postoperative cognitive dysfunction by inhibiting microgliosis-mediated neuroinflammation in the hippocampus of mice",https://doi.org/10.1186/s12871-022-01750-1,"BMC Anesthesiology"
"ccImpute: an accurate and scalable consensus clustering based algorithm to impute dropout events in the single-cell RNA-seq data",https://doi.org/10.1186/s12859-022-04814-8,"BMC Bioinformatics"
"A prospective cohort study on the association between waterpipe tobacco smoking and gastric cancer mortality in Northern Vietnam",https://doi.org/10.1186/s12885-022-09894-6,"BMC Cancer"
"A Critical Literature Review of Historic Scientific Analog Data: Uses, Successes, and Challenges",https://doi.org/10.5334/dsj-2022-014,"Data Science Journal"
"Trend in the incidence of hepatitis A in mainland China from 2004 to 2017: a joinpoint regression analysis",https://doi.org/10.1186/s12879-022-07651-5,"BMC Infectious Diseases"
"Experiences of patients with chronic obstructive pulmonary disease receiving integrated telehealth nursing services during COVID-19 lockdown",https://doi.org/10.1186/s12912-022-00967-2,"BMC Nursing"
"Evolutionary conserved relocation of chromatin remodeling complexes to the mitotic apparatus",https://doi.org/10.1186/s12915-022-01365-5,"BMC Biology"
"Task sharing in an interprofessional medication management program – a survey of general practitioners and community pharmacists",https://doi.org/10.1186/s12913-022-08378-4,"BMC Health Services Research"
"Risk factors of pelvic floor muscle strength in south Chinese women: a retrospective study",https://doi.org/10.1186/s12884-022-04952-0,"BMC Pregnancy and Childbirth"
"Quality of intrapartum care at Public Health Institutions of North Achefer District, North West Ethiopia: a mixed method study",https://doi.org/10.1186/s12884-022-04907-5,"BMC Pregnancy and Childbirth"
"<i>Stardust</i>: improving spatial transcriptomics data analysis through space-aware modularity optimization-based clustering",https://doi.org/10.1093/gigascience/giac075,"GigaScience"
"Explorative study on scale cortisol accumulation in wild caught common dab (Limanda limanda)",https://doi.org/10.1186/s12917-022-03385-3,"BMC Veterinary Research"
"Clinical significance of potential drug–drug interactions in older adults with psychiatric disorders: a retrospective study",https://doi.org/10.1186/s12888-022-04207-4,"BMC Psychiatry"
"Determinants of maternal near miss events among women admitted to tertiary hospitals in Mogadishu, Somalia: a facility-based case–control study",https://doi.org/10.1186/s12884-022-04987-3,"BMC Pregnancy and Childbirth"
"Better governance starts with better words: why responsible human tissue research demands a change of language",https://doi.org/10.1186/s12910-022-00823-7,"BMC Medical Ethics"
"Exploratory application of machine learning methods on patient reported data in the development of supervised models for predicting outcomes",https://doi.org/10.1186/s12911-022-01973-9,"BMC Medical Informatics and Decision Making"
"Developing machine learning-based models to predict intrauterine insemination (IUI) success by address modeling challenges in imbalanced data and providing modification solutions for them",https://doi.org/10.1186/s12911-022-01974-8,"BMC Medical Informatics and Decision Making"
"Risk factors associated with comorbid asthma in patients with chronic rhinosinusitis with nasal polyps: a cross-sectional study",https://doi.org/10.1186/s12890-022-02138-0,"BMC Pulmonary Medicine"
"Incidence and risk factors of intraoperative hyperglycemia in non-diabetic patients: a prospective observational study",https://doi.org/10.1186/s12871-022-01829-9,"BMC Anesthesiology"
"Drug-related problems and its predictors among hospitalized heart failure patients at Jimma Medical Center, South West Ethiopia: prospective interventional study",https://doi.org/10.1186/s12872-022-02859-4,"BMC Cardiovascular Disorders"
"Midwives’ empathy and shared decision making from women’s perspective - sensitivity of an assessment to compare quality of care in prenatal and obstetric care",https://doi.org/10.1186/s12884-022-05041-y,"BMC Pregnancy and Childbirth"
"Experiences and challenges faced by community mental health workers when providing care to people with mental illness: a qualitative study",https://doi.org/10.1186/s12888-022-04252-z,"BMC Psychiatry"
"Evidence-based selection of orthodontic miniscrews, increasing their success rate in the mandibular buccal shelf. A randomized, prospective clinical trial",https://doi.org/10.1186/s12903-022-02460-3,"BMC Oral Health"
"Pregnancy outcomes in patients with polycystic ovary syndrome who conceived after single thawed blastocyst transfer: a propensity score-matched study",https://doi.org/10.1186/s12884-022-05011-4,"BMC Pregnancy and Childbirth"
"Preventing adverse events of chemotherapy for gastrointestinal cancer by educating patients about the nocebo effect: a randomized-controlled trial",https://doi.org/10.1186/s12885-022-10089-2,"BMC Cancer"
"Increased risk of preterm delivery with high cortisol during pregnancy is modified by fetal sex: a cohort study",https://doi.org/10.1186/s12884-022-05061-8,"BMC Pregnancy and Childbirth"
"Identification of reindeer fine-scale foraging behaviour using tri-axial accelerometer data",https://doi.org/10.1186/s40462-022-00339-0,"Movement Ecology"
"Effects of Moringa oleifera on working memory: an experimental study with memory-impaired Wistar rats tested in radial arm maze",https://doi.org/10.1186/s13104-022-06219-5,"BMC Research Notes"
"The effects of nutritional support team intervention on postoperative immune function, nutritional statuses, inflammatory responses, clinical outcomes of elderly patients with gastric cancer",https://doi.org/10.1186/s12893-022-01784-9,"BMC Surgery"
"Online learning experiences of secondary school students during COVID-19 – Dataset from Vietnam",https://doi.org/10.1016/j.dib.2022.108662,"Data in Brief"
"Effect of intermittent fasting 5:2 on body composition and nutritional intake among employees with obesity in Jakarta: a randomized clinical trial",https://doi.org/10.1186/s13104-022-06209-7,"BMC Research Notes"
"Nutrient reallocation between stem and leaf drives grazed grassland degradation in inner Mongolia, China",https://doi.org/10.1186/s12870-022-03875-4,"BMC Plant Biology"
"Revisiting the multidimensional interaction model of stress, anxiety and coping during the COVID-19 pandemic: a longitudinal study",https://doi.org/10.1186/s40359-022-00950-1,"BMC Psychology"
"Constructing metagenome-assembled genomes for almost all components in a real bacterial consortium for binning benchmarking",https://doi.org/10.1186/s12864-022-08967-x,"BMC Genomics"
"Risk factors for multidrug resistance in tuberculosis patients with diabetes mellitus",https://doi.org/10.1186/s12879-022-07831-3,"BMC Infectious Diseases"
"WES data from 286 diffuse gliomas under the 2021 WHO Classification of Tumors of the Central Nervous System",https://doi.org/10.1038/s41597-022-01823-3,"Scientific Data"
"Risk factors for Hirschsprung-associated enterocolitis following Soave: a retrospective study over a decade",https://doi.org/10.1186/s12887-022-03692-6,"BMC Pediatrics"
"Physiotherapists’ knowledge of and adherence to evidence-based practice guidelines and recommendations for ankle sprains management: a cross-sectional study",https://doi.org/10.1186/s12891-022-05914-5,"BMC Musculoskeletal Disorders"
"Immunohistochemical analysis of soft tissue response to polyetheretherketone (PEEK) and titanium healing abutments on dental implants: a randomized pilot clinical study",https://doi.org/10.1186/s12903-022-02536-0,"BMC Oral Health"
"Downscaled hyper-resolution (400 m) gridded datasets of daily precipitation and temperature (2008–2019) for the East–Taylor subbasin (western United States)",https://doi.org/10.5194/essd-14-4949-2022,"Earth system science data"
"Age-specific prevalence, subtypes and risk factors of metabolic diseases in Chinese adults and the different patterns from other racial/ethnic populations",https://doi.org/10.1186/s12889-022-14555-1,"BMC Public Health"
"Gravidity and malaria trends interact to modify P. falciparum densities and detectability in pregnancy: a 3-year prospective multi-site observational study",https://doi.org/10.1186/s12916-022-02597-6,"BMC Medicine"
"Single melatonin injection enhances the testicular artery hemodynamic, reproductive hormones, and semen parameters in German shepherd dogs",https://doi.org/10.1186/s12917-022-03487-y,"BMC Veterinary Research"
"Anxiety, depression, and sleep disturbances among people on long-term efavirenz-based treatment for HIV: a cross-sectional study in Beijing, China",https://doi.org/10.1186/s12888-022-04366-4,"BMC Psychiatry"
"Dyadic relationship, carer role, and resources: a theory-driven thematic analysis of interviews with informal carers focusing on the stability of home-based care arrangements for people living with dementia",https://doi.org/10.1186/s12877-022-03618-y,"BMC Geriatrics"
"ChiMera: an easy to use pipeline for bacterial genome based metabolic network reconstruction, evaluation and visualization",https://doi.org/10.1186/s12859-022-05056-4,"BMC Bioinformatics"
"Use of proton pump inhibitors and macrolide antibiotics and risk of acute kidney injury: a self-controlled case series study",https://doi.org/10.1186/s12882-022-03008-x,"BMC Nephrology"
"Evaluation of De Ritis (AST/ALT), ALP/ALT, and AST/ALP ratios as prognostic factors in patients with acute ischemic stroke",https://doi.org/10.1186/s12883-022-02989-4,"BMC Neurology"
"﻿To be or not to be… Integrative taxonomy and species delimitation in the daddy long-legs spiders of the genus Physocyclus (Araneae, Pholcidae) using DNA barcoding and morphology",https://doi.org/10.3897/zookeys.1135.94628,"ZooKeys"
"Efficacy and safety of remimazolam for procedural sedation during ultrasound-guided transversus abdominis plane block and rectus sheath block in patients undergoing abdominal tumor surgery: a single-center randomized controlled trial",https://doi.org/10.1186/s12871-022-01927-8,"BMC Anesthesiology"
"Chloroplast gene expression level is negatively correlated with evolutionary rates and selective pressure while positively with codon usage bias in Ophioglossum vulgatum L",https://doi.org/10.1186/s12870-022-03960-8,"BMC Plant Biology"
"Growth, physiological, and temperature characteristics in chinese cabbage pakchoi as affected by Cd- stressed conditions and identifying its main controlling factors using PLS model",https://doi.org/10.1186/s12870-022-03966-2,"BMC Plant Biology"
"Changes in all-cause and cause-specific mortality during the first year of the COVID-19 pandemic in Minnesota: population-based study",https://doi.org/10.1186/s12889-022-14743-z,"BMC Public Health"
"Lower serum PRL is associated with the development of non-alcoholic fatty liver disease: a retrospective cohort study",https://doi.org/10.1186/s12876-022-02619-w,"BMC Gastroenterology"
"Satellite tag derived data from two Antarctic blue whales (Balaenoptera musculus intermedia) tagged in the east Antarctic sector of the Southern Ocean",https://doi.org/10.3897/bdj.10.e94228,"Biodiversity Data Journal"
"Analyzing differences between restricted mean survival time curves using pseudo-values",https://doi.org/10.1186/s12874-022-01559-z,"BMC Medical Research Methodology"
"The MAastricht Instrument for Sustainable Employability – Italian version (MAISE-IT): a validation study",https://doi.org/10.1186/s12889-022-12872-z,"BMC Public Health"
"Intracranial electrophysiological recordings from the human brain during memory tasks with pupillometry",https://doi.org/10.1038/s41597-021-01099-z,"Scientific Data"
"Dopamine-2 receptor antibody encephalitis presenting as pure tongue-biting in a tourette syndrome patient: a case report",https://doi.org/10.1186/s12888-021-03683-4,"BMC Psychiatry"
"Mobility enhancement among older adults 75 + in rural areas: Study protocol of the MOBILE randomized controlled trial",https://doi.org/10.1186/s12877-021-02739-0,"BMC Geriatrics"
"Association of cardiovascular metabolic risk factor measurements with psychiatric readmission among in-hospital patients with severe mental illness: a retrospective study",https://doi.org/10.1186/s12888-022-03704-w,"BMC Psychiatry"
"Planning and designing a self-compassion intervention for family carers of people living with dementia: a person-based and co-design approach",https://doi.org/10.1186/s12877-022-02754-9,"BMC Geriatrics"
"SAG3 Toxoplasma gondii cloning reveals unexpected fivefold infection in the blood of feral cats in the Mexican Caribbean",https://doi.org/10.1186/s12917-021-03129-9,"BMC Veterinary Research"
"A Dataset for Toponym Resolution in Nineteenth-Century English Newspapers",https://doi.org/10.5334/johd.56,"Journal of Open Humanities Data"
"Arterial health during early childhood following abnormal fetal growth",https://doi.org/10.1186/s12887-021-02951-2,"BMC Pediatrics"
"Kearns–Sayre syndrome with a novel large-scale deletion: a case report",https://doi.org/10.1186/s12886-021-02224-7,"BMC Ophthalmology"
"A comparative study of next-generation sequencing and fragment analysis for the detection and allelic ratio determination of FLT3 internal tandem duplication",https://doi.org/10.1186/s13000-022-01202-x,"Diagnostic Pathology"
"Adapting an evidence-based contraceptive behavioural intervention delivered by mobile phone for young people in Zimbabwe",https://doi.org/10.1186/s12913-022-07501-9,"BMC Health Services Research"
"The utilization of primary healthcare services among frail older adults – findings from the Helsinki Birth Cohort Study",https://doi.org/10.1186/s12877-022-02767-4,"BMC Geriatrics"
"Femoral neck fracture: the reliability of radiologic classifications",https://doi.org/10.1186/s12891-022-05007-3,"BMC Musculoskeletal Disorders"
"A novel graphical evaluation of agreement",https://doi.org/10.1186/s12874-022-01532-w,"BMC Medical Research Methodology"
"Nursing faculty experiences with student incivility in South Korea: a qualitative study",https://doi.org/10.1186/s12909-022-03170-8,"BMC Medical Education"
"Quantitative multiplexed proteomics analysis reveals reshaping of the lysine 2-hydroxyisobutyrylome in Fusarium graminearum by tebuconazole",https://doi.org/10.1186/s12864-022-08372-4,"BMC Genomics"
"Fostering the implementation of transitional care innovations for older persons: prioritizing the influencing key factors using a modified Delphi technique",https://doi.org/10.1186/s12877-021-02672-2,"BMC Geriatrics"
"Body composition in preschool children with short stature: a case-control study",https://doi.org/10.1186/s12887-022-03159-8,"BMC Pediatrics"
"To debate or not to debate? Examining the contribution of debating when studying medical ethics in small groups",https://doi.org/10.1186/s12909-022-03124-0,"BMC Medical Education"
"Borrowing information across patient subgroups in clinical trials, with application to a paediatric trial",https://doi.org/10.1186/s12874-022-01539-3,"BMC Medical Research Methodology"
"Prevalence and WGS-based characteristics of Staphylococcus aureus in the nasal mucosa and pastern of horses with equine pastern dermatitis",https://doi.org/10.1186/s12917-021-03053-y,"BMC Veterinary Research"
"Evaluation of ‘Shisha No Thanks’ – a co-design social marketing campaign on the harms of waterpipe smoking",https://doi.org/10.1186/s12889-022-12792-y,"BMC Public Health"
"Prognostic accuracy of time to sputum culture conversion in predicting cure in extensively drug-resistant tuberculosis patients: a multicentre retrospective observational study",https://doi.org/10.1186/s12879-022-07202-y,"BMC Infectious Diseases"
"Assessing preoperative hope and expectations related to functional neurosurgery: a new questionnaire",https://doi.org/10.1186/s40359-022-00766-z,"BMC Psychology"
"Different inflammatory blood markers correlate with specific outcomes in incident HPV-negative head and neck squamous cell carcinoma: a retrospective cohort study",https://doi.org/10.1186/s12885-022-09327-4,"BMC Cancer"
"HIV-related stigma and discrimination among health care workers during early program decentralization in rural district Gunungkidul, Indonesia: a cross-sectional study",https://doi.org/10.1186/s12913-022-07751-7,"BMC Health Services Research"
"Physiotherapist or physician as primary assessor for patients with suspected knee osteoarthritis in primary care – a cost-effectiveness analysis of a pragmatic trial",https://doi.org/10.1186/s12891-022-05201-3,"BMC Musculoskeletal Disorders"
"Exploration of induced sputum BIRC3 levels and clinical implications in asthma",https://doi.org/10.1186/s12890-022-01887-2,"BMC Pulmonary Medicine"
"Genomic insights into lineage-specific evolution of the oleosin family in Euphorbiaceae",https://doi.org/10.1186/s12864-022-08412-z,"BMC Genomics"
"Ecological momentary intervention to enhance emotion regulation in healthcare workers via smartphone: a randomized controlled trial protocol",https://doi.org/10.1186/s12888-022-03800-x,"BMC Psychiatry"
"Disease transmission and mass gatherings: a case study on meningococcal infection during Hajj",https://doi.org/10.1186/s12879-022-07234-4,"BMC Infectious Diseases"
"Prevalence and perception of substance abuse and associated economic indicators and mental health disorders in a large cohort of Kenyan students: towards integrated public health approach and clinical management",https://doi.org/10.1186/s12888-022-03817-2,"BMC Psychiatry"
"Production loss and sick leave caused by antibiotic resistance: a register-based cohort study",https://doi.org/10.1186/s12889-022-12947-x,"BMC Public Health"
"Yoga as an adjunct activity for medical students learning anatomy",https://doi.org/10.1186/s12909-022-03236-7,"BMC Medical Education"
"Impact on routine psychiatric diagnostic practice from implementing the DSM-5 cultural formulation interview: a pragmatic RCT in Sweden",https://doi.org/10.1186/s12888-022-03791-9,"BMC Psychiatry"
"Effect of anticoagulant/antiplatelet therapy on the development and progression of diabetic retinopathy",https://doi.org/10.1186/s12886-022-02323-z,"BMC Ophthalmology"
"Ultrasound-guided percutaneous sclerotherapy versus surgical resection in the treatment of large hepatic hemangiomas: a retrospective study",https://doi.org/10.1186/s12893-022-01574-3,"BMC Surgery"
"Associations between match participation, maturation, physical fitness, and hormonal levels in elite male soccer player U15: a prospective study with observational cohort",https://doi.org/10.1186/s12887-022-03257-7,"BMC Pediatrics"
"Diagnostic delay in soft tissue tumors: a single-center study of a university cancer center with a focus on health services research",https://doi.org/10.1186/s12913-022-07891-w,"BMC Health Services Research"
"Implementation of novel and conventional outbreak control measures in managing COVID-19 outbreaks in a large UK prison",https://doi.org/10.1186/s12889-022-12991-7,"BMC Public Health"
"Prevalence patterns and associated factors of elder abuse in an urban slum of eastern India",https://doi.org/10.1186/s12877-022-02986-9,"BMC Geriatrics"
"Translation of the geriatric emergency department intervention into other emergency departments: a post implementation evaluation of outcomes for older adults",https://doi.org/10.1186/s12877-022-02999-4,"BMC Geriatrics"
"Incidence and factors associated with active tuberculosis among people living with HIV after long-term antiretroviral therapy in Thailand: a competing risk model",https://doi.org/10.1186/s12879-022-07332-3,"BMC Infectious Diseases"
"The impact of having foreign domestic workers on informal caregivers of persons with dementia – findings from a multi-method research in Singapore",https://doi.org/10.1186/s12877-022-03002-w,"BMC Geriatrics"
"Increased autonomy with capacity-based mental health legislation in Norway: a qualitative study of patient experiences of having come off a community treatment order",https://doi.org/10.1186/s12913-022-07892-9,"BMC Health Services Research"
"Factors influencing inconsistent leg length discrepancy in dysplastic hip osteoarthritis: a retrospective study",https://doi.org/10.1186/s12891-022-05348-z,"BMC Musculoskeletal Disorders"
"Preoperative risk factors of lymph node metastasis in clinical N0 lung adenocarcinoma of 3 cm or less in diameter",https://doi.org/10.1186/s12893-022-01605-z,"BMC Surgery"
"Associations of severe adverse perinatal outcomes among continuous birth weight percentiles on different birth weight charts: a secondary analysis of a cluster randomized trial",https://doi.org/10.1186/s12884-022-04680-5,"BMC Pregnancy and Childbirth"
"Expert perspectives on the introduction of Triple Artemisinin-based Combination Therapies (TACTs) in Southeast Asia: a Delphi study",https://doi.org/10.1186/s12889-022-13212-x,"BMC Public Health"
"Inter-observer agreement of preoperative cardiopulmonary exercise test interpretation in major abdominal surgery",https://doi.org/10.1186/s12871-022-01680-y,"BMC Anesthesiology"
"Based on multiple machine learning to identify the ENO2 as diagnosis biomarkers of glaucoma",https://doi.org/10.1186/s12886-022-02350-w,"BMC Ophthalmology"
"Outcomes of combined endoscopic vitrectomy and posteriorly placed glaucoma drainage devices in pediatric patients",https://doi.org/10.1186/s12886-022-02373-3,"BMC Ophthalmology"
"Relationship between subjective socioeconomic status and sense of gain of health-care reform and the mediating role of self-rated health: a cross-sectional study in China",https://doi.org/10.1186/s12889-022-13106-y,"BMC Public Health"
"The design of an evaluation framework for diabetes self-management education and support programs delivered nationally",https://doi.org/10.1186/s12913-021-07374-4,"BMC Health Services Research"
"Characterization of tRNA expression profiles in large offspring syndrome",https://doi.org/10.1186/s12864-022-08496-7,"BMC Genomics"
"Knowledge of diabetes among Gambian adults: evidence from a nation-wide survey",https://doi.org/10.1186/s12872-022-02591-z,"BMC Cardiovascular Disorders"
"Enablers and barriers to introduction of obstetrics ultrasound service at primary care facilities in a resource-limited setting: a qualitative study in four regions of Ethiopia",https://doi.org/10.1186/s12884-022-04609-y,"BMC Pregnancy and Childbirth"
"Dilated cardiomyopathy caused by a pathogenic nucleotide variant in RBM20 in an Iranian family",https://doi.org/10.1186/s12920-022-01262-4,"BMC Medical Genomics"
"Genomic insights into positive selection during barley domestication",https://doi.org/10.1186/s12870-022-03655-0,"BMC Plant Biology"
"Whole-genome-sequence-based characterization of an NDM-5-producing uropathogenic Escherichia coli EC1390",https://doi.org/10.1186/s12866-022-02562-6,"BMC Microbiology"
"Towards health equity: core components of an extended home visiting intervention in disadvantaged areas of Sweden",https://doi.org/10.1186/s12889-022-13492-3,"BMC Public Health"
"A community edutainment intervention for gender-based violence, sexual and reproductive health, and maternal and child health in rural Senegal: a process evaluation",https://doi.org/10.1186/s12889-022-13570-6,"BMC Public Health"
"Impact of video-led educational intervention on uptake of influenza vaccine among the elderly in western China: a community-based randomized controlled trial",https://doi.org/10.1186/s12889-022-13536-8,"BMC Public Health"
"Rationale and design of ON-TRK: a novel prospective non-interventional study in patients with TRK fusion cancer treated with larotrectinib",https://doi.org/10.1186/s12885-022-09687-x,"BMC Cancer"
"Mutations in PmUFGT3 contribute to color variation of fruit skin in Japanese apricot (Prunus mume Sieb. et Zucc.)",https://doi.org/10.1186/s12870-022-03693-8,"BMC Plant Biology"
"How selves differ within and across cognitive domains: self-prioritisation, self-concept, and psychiatric traits",https://doi.org/10.1186/s40359-022-00870-0,"BMC Psychology"
"Accuracy of echocardiography and ultrasound protocol to identify shock etiology in emergency department",https://doi.org/10.1186/s12873-022-00678-6,"BMC Emergency Medicine"
"Assessment of the relationship between 25-hydroxyvitamin D and albuminuria in type 2 diabetes mellitus",https://doi.org/10.1186/s12902-022-01088-2,"BMC Endocrine Disorders"
"Spatiotemporal dynamics of malaria in Banmauk Township, Sagaing region of Northern Myanmar: characteristics, trends, and risk factors",https://doi.org/10.1186/s12879-022-07634-6,"BMC Infectious Diseases"
"DNA barcode reference library for the West Sahara-Sahel reptiles",https://doi.org/10.1038/s41597-022-01582-1,"Scientific Data"
"﻿An overview of reviews of conservation flagships: evaluating fundraising ability and surrogate power",https://doi.org/10.3897/natureconservation.49.81219,"Nature Conservation"
"MiRNA-based “fitness score” to assess the individual response to diet, metabolism, and exercise",https://doi.org/10.1080/15502783.2022.2106148,"Journal of the International Society of Sports Nutrition"
"Albumin infusion in hospitalized patients with acute heart failure: a retrospective cohort study",https://doi.org/10.1186/s12872-022-02797-1,"BMC Cardiovascular Disorders"
"The functional impact of home-based self-rehabilitation following arthroscopic meniscus root repair",https://doi.org/10.1186/s12891-022-05662-6,"BMC Musculoskeletal Disorders"
"High bone mass and cam morphology are independently related to hip osteoarthritis: findings from the High Bone Mass cohort",https://doi.org/10.1186/s12891-022-05603-3,"BMC Musculoskeletal Disorders"
"Implementation of online video consultations in a regional health network: a management feasibility analysis from an orthopedic perspective",https://doi.org/10.1186/s12913-022-08352-0,"BMC Health Services Research"
"Comparison of the effectiveness of the electronic portfolio and online discussion forum methods in teaching professional belonging and ethical behaviors to nursing students: a randomized controlled trial",https://doi.org/10.1186/s12909-022-03677-0,"BMC Medical Education"
"Left ventricular myocardial mass index associated with cardiovascular and renal prognosis in IgA nephropathy",https://doi.org/10.1186/s12882-022-02909-1,"BMC Nephrology"
"Re-establishment of the genus Pseudalbizzia (Leguminosae, Caesalpinioideae, mimosoid clade): the New World species formerly placed in Albizia",https://doi.org/10.3897/phytokeys.205.76821,"PhytoKeys"
"Antibiotic prophylaxis at the time of dental implant placement: a cost-effectiveness analysis",https://doi.org/10.1186/s12913-022-08452-x,"BMC Health Services Research"
"Osodendron gen. nov. (Leguminosae, Caesalpinioideae), a new genus of mimosoid legumes of tropical Africa",https://doi.org/10.3897/phytokeys.205.82821,"PhytoKeys"
"Preoperative prediction of intrahepatic cholangiocarcinoma lymph node metastasis by means of machine learning: a multicenter study in China",https://doi.org/10.1186/s12885-022-10025-4,"BMC Cancer"
"Psychometric properties of the cultural mix coping inventory for stressful situations using physical education teachers: a multidimensional item response theory analysis",https://doi.org/10.1186/s40359-022-00916-3,"BMC Psychology"
"Transitions between degrees of multidimensional frailty among older people admitted to intermediate care: a multicentre prospective study",https://doi.org/10.1186/s12877-022-03378-9,"BMC Geriatrics"
"A cluster randomized controlled trial of an after-school playground curriculum intervention to improve children’s physical, social, and emotional health: study protocol for the PLAYground project",https://doi.org/10.1186/s12889-022-13991-3,"BMC Public Health"
"Clinical characteristics and outcomes in those with primary extrahepatic malignancy and malignant ascites",https://doi.org/10.1186/s12876-022-02487-4,"BMC Gastroenterology"
"Risk stratification of patients with acute respiratory distress syndrome complicated with sepsis using lactate trajectories",https://doi.org/10.1186/s12890-022-02132-6,"BMC Pulmonary Medicine"
"Consistent expression of PD-L1 in tumor microenvironment with peripheral PD-1/PD-L1 in circulating T lymphocytes of operable breast cancer: a diagnostic test",https://doi.org/10.1186/s13000-022-01249-w,"Diagnostic Pathology"
"Analysis of Camellia oleifera transcriptome reveals key pathways and hub genes involved during different photoperiods",https://doi.org/10.1186/s12870-022-03798-0,"BMC Plant Biology"
"Coordination of leaf functional traits under climatic warming in an arid ecosystem",https://doi.org/10.1186/s12870-022-03818-z,"BMC Plant Biology"
"Mechanobiological responses of astrocytes in optic nerve head due to biaxial stretch",https://doi.org/10.1186/s12886-022-02592-8,"BMC Ophthalmology"
"Additive mixed modeling of impact of investment, labor, education and information technology on regional income disparity: An empirical analysis using the statistics Indonesia dataset",https://doi.org/10.1016/j.dib.2022.108619,"Data in Brief"
"GC3558: An open-source annotated dataset of Ghana currency images for classification modeling",https://doi.org/10.1016/j.dib.2022.108616,"Data in Brief"
"CDH1 overexpression predicts bladder cancer from early stage and inversely correlates with immune infiltration",https://doi.org/10.1186/s12894-022-01103-7,"BMC Urology"
"A stem group Codium alga from the latest Ediacaran of South China provides taxonomic insight into the early diversification of the plant kingdom",https://doi.org/10.1186/s12915-022-01394-0,"BMC Biology"
"2011–2021 rising prevalence of HPV infection among oropharyngeal carcinoma in France",https://doi.org/10.1186/s12885-022-10091-8,"BMC Cancer"
"Association between sleep quality and urolithiasis among general population in Western China: a cross-sectional study",https://doi.org/10.1186/s12889-022-14187-5,"BMC Public Health"
"Moral values of Dutch physicians in relation to requests for euthanasia: a qualitative study",https://doi.org/10.1186/s12910-022-00834-4,"BMC Medical Ethics"
"Changes in on-time vaccination following the introduction of an electronic immunization registry, Tanzania 2016-2018: interrupted time-series analysis",https://doi.org/10.1186/s12913-022-08504-2,"BMC Health Services Research"
"Dataset on the optimization by response surface methodology for the synthesis of silver nanoparticles using Laxitextum bicolor mushroom",https://doi.org/10.1016/j.dib.2022.108631,"Data in Brief"
"Exploring the challenges to telephone triage in pre-hospital emergency care: a qualitative content analysis",https://doi.org/10.1186/s12913-022-08585-z,"BMC Health Services Research"
"Single-cell analysis of immune cell transcriptome during HIV-1 infection and therapy",https://doi.org/10.1186/s12865-022-00523-2,"BMC Immunology"
"Model-based evaluation of the impact of prophylactic vaccination applied to Ebola epidemics in Sierra Leone and Democratic Republic of Congo",https://doi.org/10.1186/s12879-022-07723-6,"BMC Infectious Diseases"
"Multi-drug resistant bacteria isolates from lymphatic filariasis patients in the Ahanta West District, Ghana",https://doi.org/10.1186/s12866-022-02624-9,"BMC Microbiology"
"Structural determinants of tailored behavioral health services for sexual and gender minorities in the United States, 2010 to 2020: a panel analysis",https://doi.org/10.1186/s12889-022-14315-1,"BMC Public Health"
"Addressing racial disparities in perinatal care for African American/Black individuals in the Chicago community health setting: a qualitative study",https://doi.org/10.1186/s12884-022-05100-4,"BMC Pregnancy and Childbirth"
"Health worker perspectives of Smart Triage, a digital triaging platform for quality improvement at a referral hospital in Uganda: a qualitative analysis",https://doi.org/10.1186/s12887-022-03627-1,"BMC Pediatrics"
"Hotspots sequences of gyrA, gyrB, parC, and parE genes encoded for fluoroquinolones resistance from local Salmonella Typhi strains in Jakarta",https://doi.org/10.1186/s12866-022-02666-z,"BMC Microbiology"
"Human impact on the recent population history of the elusive European wildcat inferred from whole genome data",https://doi.org/10.1186/s12864-022-08930-w,"BMC Genomics"
"Species diversity analysis of commercial Mantidis Ootheca samples contaminated by store pests based on DNA metabarcoding",https://doi.org/10.1186/s12864-022-08955-1,"BMC Genomics"
"The role of optical coherence tomography angiography in distinguishing ischemic versus non-ischemic central retinal vein occlusion",https://doi.org/10.1186/s12886-022-02637-y,"BMC Ophthalmology"
"Effectively predicting HIV-1 protease cleavage sites by using an ensemble learning approach",https://doi.org/10.1186/s12859-022-04999-y,"BMC Bioinformatics"
"Depression was associated with younger age, female sex, obesity, smoking, and physical inactivity, in 1027 patients with newly diagnosed type 2 diabetes: a Swedish multicentre cross-sectional study",https://doi.org/10.1186/s12902-022-01184-3,"BMC Endocrine Disorders"
"Wochenende — modular and flexible alignment-based shotgun metagenome analysis",https://doi.org/10.1186/s12864-022-08985-9,"BMC Genomics"
"Women’s perceptions of cardiovascular risk after preeclampsia: a qualitative study",https://doi.org/10.1186/s12884-022-05179-9,"BMC Pregnancy and Childbirth"
"Vaginal microbiota in women with spontaneous preterm labor versus those with term labor in Kenya: a case control study",https://doi.org/10.1186/s12866-022-02681-0,"BMC Microbiology"
"Inactivation of the MSTN gene expression changes the composition and function of the gut microbiome in sheep",https://doi.org/10.1186/s12866-022-02687-8,"BMC Microbiology"
"Association between metabolic syndrome and colorectal cancer incidence and all-cause mortality: a hospital-based observational study",https://doi.org/10.1186/s12876-022-02505-5,"BMC Gastroenterology"
"Real-world assessment: effectiveness and safety of extended-release calcifediol and other vitamin D therapies for secondary hyperparathyroidism in CKD patients",https://doi.org/10.1186/s12882-022-02993-3,"BMC Nephrology"
"From laparoscopic to robotic-assisted Heller myotomy for achalasia in a single high-volume visceral surgery center: postoperative outcomes and quality of life",https://doi.org/10.1186/s12893-022-01818-2,"BMC Surgery"
"Prevalence and factors associated with adverse drug reactions among heart failure patients hospitalized at Mbarara Regional Referral Hospital, Uganda",https://doi.org/10.1186/s12872-022-02937-7,"BMC Cardiovascular Disorders"
"Chronic low back pain: a prospective study with 4 to 15 years follow-up after a multidisciplinary biopsychosocial rehabilitation program",https://doi.org/10.1186/s12891-022-05963-w,"BMC Musculoskeletal Disorders"
"Enhanced automated meteorological observations at the Canadian Arctic Weather Science (CAWS) supersites",https://doi.org/10.5194/essd-14-4995-2022,"Earth system science data"
"Clinical parameters obtained during tear film examination in domestic rabbits",https://doi.org/10.1186/s12917-022-03492-1,"BMC Veterinary Research"
"Integrated analysis identified prognostic microRNAs in breast cancer",https://doi.org/10.1186/s12885-022-10242-x,"BMC Cancer"
"The impact of symptom distress on health-related quality of life in liver cancer patients receiving arterial chemoembolization: the mediating role of hope",https://doi.org/10.1186/s12876-022-02529-x,"BMC Gastroenterology"
"Antenatal care utilization and compliance with national and WHO guidelines in rural Ethiopia: a cohort study",https://doi.org/10.1186/s12884-022-05171-3,"BMC Pregnancy and Childbirth"
"Return of non-ACMG recommended incidental genetic findings to pediatric patients: considerations and opportunities from experiences in genomic sequencing",https://doi.org/10.1186/s13073-022-01139-2,"Genome Medicine"
"Plasma metabolomic profiling of dietary patterns associated with glucose metabolism status: The Maastricht Study",https://doi.org/10.1186/s12916-022-02653-1,"BMC Medicine"
"Equity in access to safely managed sanitation and prevalence of diarrheal diseases in Bangladesh: a national and sub-national analysis",https://doi.org/10.1186/s12879-022-07884-4,"BMC Infectious Diseases"
"Facebook use intensity and depressive symptoms: a moderated mediation model of problematic Facebook use, age, neuroticism, and extraversion",https://doi.org/10.1186/s40359-022-00990-7,"BMC Psychology"
"The effect of sleep disturbance on the association between work–family conflict and burnout in nurses: a cross-sectional study from South Korea",https://doi.org/10.1186/s12912-022-01114-7,"BMC Nursing"
"Epidémiology of malaria from 2019 to 2021 in the southeastern city of Franceville, Gabon",https://doi.org/10.1186/s12889-022-14765-7,"BMC Public Health"
"Strategies to build more effective interventions for elder abuse: a focus group study of nursing and social work professionals in Hong Kong",https://doi.org/10.1186/s12877-022-03682-4,"BMC Geriatrics"
"Cryptococcus neoformans endocarditis in an immunocompetentpatient a case report",https://doi.org/10.1186/s12872-022-02997-9,"BMC Cardiovascular Disorders"
"Methionine regulates self-renewal, pluripotency, and cell death of GIC through cholesterol—rRNA axis",https://doi.org/10.1186/s12885-022-10280-5,"BMC Cancer"
"Perioperative pectoral nerve block type II and postoperative recurrence in breast cancer: a randomized controlled trial",https://doi.org/10.1186/s12893-022-01895-3,"BMC Surgery"
"Chromatin modifier developmental pluripotency associated factor 4 (DPPA4) is a candidate gene for alcohol-induced developmental disorders",https://doi.org/10.1186/s12916-022-02699-1,"BMC Medicine"
"Cellsnake: a user-friendly tool for single-cell RNA sequencing analysis",https://doi.org/10.1093/gigascience/giad091,"GigaScience"
"Evaluating long-read <i>de novo</i> assembly tools for eukaryotic genomes: insights and considerations",https://doi.org/10.1093/gigascience/giad100,"GigaScience"
"Diagnostic clues of IOP pulsation on applanation tonometry in carotid-cavernous fistula patients",https://doi.org/10.1186/s12886-022-02254-9,"BMC Ophthalmology"
"Partial upper sternotomy for extensive arch repair in older acute type A aortic dissection patients",https://doi.org/10.1186/s12872-022-02511-1,"BMC Cardiovascular Disorders"
"A retrospective autopsy study of 42 cases of stillbirth in Avicenna Research Institute",https://doi.org/10.1186/s12884-022-04822-9,"BMC Pregnancy and Childbirth"
"Prior test experience confounds longitudinal tracking of adolescent cognitive and motor development",https://doi.org/10.1186/s12874-022-01606-9,"BMC Medical Research Methodology"
"A case study of adapting a health insurance decision intervention from trial into routine cancer care",https://doi.org/10.1186/s13104-022-06189-8,"BMC Research Notes"
"Retinal changes of primary vitreoretinal lymphoma after intravitreal methotrexate",https://doi.org/10.1186/s12886-022-02604-7,"BMC Ophthalmology"
"Optimizing the implementation of a participant-collected, mail-based SARS-CoV-2 serological survey in university-affiliated populations: lessons learned and practical guidance",https://doi.org/10.1186/s12889-022-14234-1,"BMC Public Health"
"Estimating the effect size of a hidden causal factor between SNPs and a continuous trait: a mediation model approach",https://doi.org/10.1186/s12859-022-04977-4,"BMC Bioinformatics"
"CLIN_SKAT: an R package to conduct association analysis using functionally relevant variants",https://doi.org/10.1186/s12859-022-04987-2,"BMC Bioinformatics"
"A case of Kernohan-Woltman notch phenomenon caused by an epidural hematoma: the diagnostic and prognostic value of PET/CT imaging",https://doi.org/10.1186/s12883-022-02965-y,"BMC Neurology"
"Mid-term outcomes of right subaxillary approach versus median sternotomy incision for ventricular septal defect with patent ductus arteriosus",https://doi.org/10.1186/s12887-022-03757-6,"BMC Pediatrics"
"A rare compound heterozygous EIF2AK4 mutation in pulmonary veno-occlusive disease",https://doi.org/10.1186/s12890-022-02256-9,"BMC Pulmonary Medicine"
"Pleiotropic fitness effects of the lncRNA Uhg4 in Drosophila melanogaster",https://doi.org/10.1186/s12864-022-08972-0,"BMC Genomics"
"Comparison of early and late postoperative outcomes between chordal reconstruction and quadrangular resection in patients with posterior mitral valve prolapse: a single-center retrospective study",https://doi.org/10.1186/s12872-022-03010-z,"BMC Cardiovascular Disorders"
"The impact of the COVID-19 pandemic on a cohort of Labrador retrievers in England",https://doi.org/10.1186/s12917-022-03319-z,"BMC Veterinary Research"
"Whole genome sequencing analysis to evaluate the influence of T2DM on polymorphisms associated with drug resistance in M. tuberculosis",https://doi.org/10.1186/s12864-022-08709-z,"BMC Genomics"
"The functional connectivity of basal forebrain is associated with superior memory performance in older adults: a case-control study",https://doi.org/10.1186/s12877-022-03226-w,"BMC Geriatrics"
"Surgical outcomes associated with sleep apnea syndrome in Stanford A aortic dissection patients",https://doi.org/10.1186/s12872-022-02775-7,"BMC Cardiovascular Disorders"
"Single cell transcriptome sequencing of inspiratory neurons of the preBötzinger complex in neonatal mice",https://doi.org/10.1038/s41597-022-01569-y,"Scientific Data"
"Cortical symptoms described in emergency calls for patients with suspected large vessel occlusion: a descriptive analysis of 157 emergency calls",https://doi.org/10.1186/s12873-022-00706-5,"BMC Emergency Medicine"
"A novel signature to predict thyroid cancer prognosis and immune landscape using immune-related LncRNA pairs",https://doi.org/10.1186/s12920-022-01332-7,"BMC Medical Genomics"
"Validation of a novel magnetic resonance imaging classification and recommended treatment for lateral elbow tendinopathy",https://doi.org/10.1186/s12891-022-05758-z,"BMC Musculoskeletal Disorders"
"Hepatitis B, C, and delta in the general population in Mayotte: hepatitis B as a major public health concern",https://doi.org/10.1186/s12879-022-07679-7,"BMC Infectious Diseases"
"Whole-genome sequence data of cellulase-producing fungi Trichoderma asperellum PK1J2, isolated from palm empty fruit bunch in Riau, Indonesia",https://doi.org/10.1016/j.dib.2022.108607,"Data in Brief"
"Multiyear emissions of carbonaceous aerosols from cooking, fireworks, sacrificial incense, joss paper burning, and barbecue as well as their key driving forces in China",https://doi.org/10.5194/essd-14-4757-2022,"Earth system science data"
"Impact of prerelease methadone on mortality among people with HIV and opioid use disorder after prison release: results from a randomized and participant choice open-label trial in Malaysia",https://doi.org/10.1186/s12879-022-07804-6,"BMC Infectious Diseases"
"Integrated metabolomic and transcriptomic analyses of regulatory mechanisms associated with uniconazole-induced dwarfism in banana",https://doi.org/10.1186/s12870-022-04005-w,"BMC Plant Biology"
"TC-hunter: identification of the insertion site of a transgenic gene within the host genome",https://doi.org/10.1186/s12864-022-08376-0,"BMC Genomics"
"Lung damage created by high tidal volume ventilation in rats with monocrotaline-induced pulmonary hypertension",https://doi.org/10.1186/s12890-022-01867-6,"BMC Pulmonary Medicine"
"Cyclical regression covariates remove the major confounding effect of cyclical developmental gene expression with strain-specific drug response in the malaria parasite Plasmodium falciparum",https://doi.org/10.1186/s12864-021-08281-y,"BMC Genomics"
"SAPFIR: A webserver for the identification of alternative protein features",https://doi.org/10.1186/s12859-022-04804-w,"BMC Bioinformatics"
"Withdrawing or withholding treatments in health care rationing: an interview study on ethical views and implications",https://doi.org/10.1186/s12910-022-00805-9,"BMC Medical Ethics"
"&amp;lt;i&amp;gt;Escherichia coli&amp;lt;/i&amp;gt; concentration, multiscale monitoring over the decade 2011–2021 in the Mekong River basin, Lao PDR",https://doi.org/10.5194/essd-14-2883-2022,"Earth system science data"
"Blastic plasmacytoid dendritic cell neoplasm and cerebral toxoplasmosis: a case report",https://doi.org/10.1186/s12883-022-02748-5,"BMC Neurology"
"Endoscopic features and clinical course of patients with asymptomatic cecal ulcers",https://doi.org/10.1186/s12876-022-02383-x,"BMC Gastroenterology"
"Cost-effectiveness of a transdiagnostic psychotherapy program for youth with common mental health problems",https://doi.org/10.1186/s12913-022-08187-9,"BMC Health Services Research"
"Moment estimators of relatedness from low-depth whole-genome sequencing data",https://doi.org/10.1186/s12859-022-04795-8,"BMC Bioinformatics"
"Refining bulk segregant analyses: ontology-mediated discovery of flowering time genes in Brassica oleracea",https://doi.org/10.1186/s13007-022-00921-y,"Plant Methods"
"Dataset containing physiological amounts of spike-in proteins into murine C2C12 background as a ground truth quantitative LC-MS/MS reference",https://doi.org/10.1016/j.dib.2022.108435,"Data in Brief"
"A social and news media benchmark dataset for topic modeling",https://doi.org/10.1016/j.dib.2022.108442,"Data in Brief"
"New perspectives for investigating muscular perfusion response after dietary supplement intake: an exploratory, randomized, double-blind, placebo-controlled crossover trial in healthy young athletes using contrast-enhanced ultrasound (CEUS)",https://doi.org/10.1080/15502783.2022.2097018,"Journal of the International Society of Sports Nutrition"
"Patient stratification based on urea cycle metabolism for exploration of combination immunotherapy in colon cancer",https://doi.org/10.1186/s12885-022-09958-7,"BMC Cancer"
"SUPPRESSOR OF PHYTOCHROME B-4 #3 reduces the expression of PIF-activated genes and increases expression of growth repressors to regulate hypocotyl elongation in short days",https://doi.org/10.1186/s12870-022-03737-z,"BMC Plant Biology"
"Dataset of the sperm proteome of stallions with different motility",https://doi.org/10.1016/j.dib.2022.108578,"Data in Brief"
"Three-years misdiagnosis of Niemann Pick disease type B with novel mutations in SMPD1 gene as Budd-Chiari syndrome",https://doi.org/10.1186/s12920-022-01353-2,"BMC Medical Genomics"
"Effect of differences in extubation timing on postoperative pneumonia following meningioma resection: a retrospective cohort study",https://doi.org/10.1186/s12871-022-01836-w,"BMC Anesthesiology"
"First characterization of PIWI-interacting RNA clusters in a cichlid fish with a B chromosome",https://doi.org/10.1186/s12915-022-01403-2,"BMC Biology"
"Falls in community-dwelling women with bipolar disorder: a case–control study",https://doi.org/10.1186/s12888-022-04258-7,"BMC Psychiatry"
"NASA Global Daily Downscaled Projections, CMIP6",https://doi.org/10.1038/s41597-022-01393-4,"Scientific Data"
"Challenges to implementing artificial intelligence in healthcare: a qualitative interview study with healthcare leaders in Sweden",https://doi.org/10.1186/s12913-022-08215-8,"BMC Health Services Research"
"MutationalPatterns: the one stop shop for the analysis of mutational processes",https://doi.org/10.1186/s12864-022-08357-3,"BMC Genomics"
"A whole-body FDG-PET/CT Dataset with manually annotated Tumor Lesions",https://doi.org/10.1038/s41597-022-01718-3,"Scientific Data"
"Circulating inflammatory cytokines and risk of five cancers: a Mendelian randomization analysis",https://doi.org/10.1186/s12916-021-02193-0,"BMC Medicine"
"Embedded ethics: a proposal for integrating ethics into the development of medical AI",https://doi.org/10.1186/s12910-022-00746-3,"BMC Medical Ethics"
"Distinct clinical and somatic mutational features of breast tumors with high-, low-, or non-expressing human epidermal growth factor receptor 2 status",https://doi.org/10.1186/s12916-022-02346-9,"BMC Medicine"
"spatialLIBD: an R/Bioconductor package to visualize spatially-resolved transcriptomics data",https://doi.org/10.1186/s12864-022-08601-w,"BMC Genomics"
"DrugShot: querying biomedical search terms to retrieve prioritized lists of small molecules",https://doi.org/10.1186/s12859-022-04590-5,"BMC Bioinformatics"
"QMugs, quantum mechanical properties of drug-like molecules",https://doi.org/10.1038/s41597-022-01390-7,"Scientific Data"
"S-ketamine as an adjuvant in patient-controlled intravenous analgesia for preventing postpartum depression: a randomized controlled trial",https://doi.org/10.1186/s12871-022-01588-7,"BMC Anesthesiology"
"Psychometric properties of the Persian version of Depression Anxiety Stress Scale-21 Items (DASS-21) in a sample of health professionals: a cross-sectional study",https://doi.org/10.1186/s12913-022-07514-4,"BMC Health Services Research"
"Benchmarking second and third-generation sequencing platforms for microbial metagenomics",https://doi.org/10.1038/s41597-022-01762-z,"Scientific Data"
"MOFSimplify, machine learning models with extracted stability data of three thousand metal–organic frameworks",https://doi.org/10.1038/s41597-022-01181-0,"Scientific Data"
"﻿Disintegration of the genus Prosopis L. (Leguminosae, Caesalpinioideae, mimosoid clade)",https://doi.org/10.3897/phytokeys.205.75379,"PhytoKeys"
"The International Bathymetric Chart of the Southern Ocean Version 2",https://doi.org/10.1038/s41597-022-01366-7,"Scientific Data"
"Mapping 20 years of irrigated croplands in China using MODIS and statistics and existing irrigation products",https://doi.org/10.1038/s41597-022-01522-z,"Scientific Data"
"Dataset of daily near-surface air temperature in China from 1979 to 2018",https://doi.org/10.5194/essd-14-1413-2022,"Earth system science data"
"Modern venomics—Current insights, novel methods, and future perspectives in biological and applied animal venom research",https://doi.org/10.1093/gigascience/giac048,"GigaScience"
"The burden of diarrhea, etiologies, and risk factors in India from 1990 to 2019: evidence from the global burden of disease study",https://doi.org/10.1186/s12889-022-12515-3,"BMC Public Health"
"ClinGen Variant Curation Interface: a variant classification platform for the application of evidence criteria from ACMG/AMP guidelines",https://doi.org/10.1186/s13073-021-01004-8,"Genome Medicine"
"p3k14c, a synthetic global database of archaeological radiocarbon dates",https://doi.org/10.1038/s41597-022-01118-7,"Scientific Data"
"An optimal variant to gene distance window derived from an empirical definition of cis and trans protein QTLs",https://doi.org/10.1186/s12859-022-04706-x,"BMC Bioinformatics"
"Heat shock transcription factor (Hsf) gene family in common bean (Phaseolus vulgaris): genome-wide identification, phylogeny, evolutionary expansion and expression analyses at the sprout stage under abiotic stress",https://doi.org/10.1186/s12870-021-03417-4,"BMC Plant Biology"
"Metagenomic prediction of antimicrobial resistance in critically ill patients with lower respiratory tract infections",https://doi.org/10.1186/s13073-022-01072-4,"Genome Medicine"
"L-shaped association of serum 25-hydroxyvitamin D concentrations with cardiovascular and all-cause mortality in individuals with osteoarthritis: results from the NHANES database prospective cohort study",https://doi.org/10.1186/s12916-022-02510-1,"BMC Medicine"
"High expression of cuproptosis-related SLC31A1 gene in relation to unfavorable outcome and deregulated immune cell infiltration in breast cancer: an analysis based on public databases",https://doi.org/10.1186/s12859-022-04894-6,"BMC Bioinformatics"
"An 11-year record of XCO&amp;lt;sub&amp;gt;2&amp;lt;/sub&amp;gt; estimates derived from GOSAT measurements using the NASA ACOS version 9 retrieval algorithm",https://doi.org/10.5194/essd-14-325-2022,"Earth system science data"
"Discrete typing units of Trypanosoma cruzi: Geographical and biological distribution in the Americas",https://doi.org/10.1038/s41597-022-01452-w,"Scientific Data"
"Qualitative longitudinal research in health research: a method study",https://doi.org/10.1186/s12874-022-01732-4,"BMC Medical Research Methodology"
"Safety of SARS-CoV-2 vaccination during pregnancy- obstetric outcomes from a large cohort study",https://doi.org/10.1186/s12884-022-04505-5,"BMC Pregnancy and Childbirth"
"Carbon Monitor Cities near-real-time daily estimates of CO2 emissions from 1500 cities worldwide",https://doi.org/10.1038/s41597-022-01657-z,"Scientific Data"
"A new dataset of river flood hazard maps for Europe and the Mediterranean Basin",https://doi.org/10.5194/essd-14-1549-2022,"Earth system science data"
"Inverse probability weighting to handle attrition in cohort studies: some guidance and a call for caution",https://doi.org/10.1186/s12874-022-01533-9,"BMC Medical Research Methodology"
"Monitoring the ocean heat content change and the Earth energy imbalance from space altimetry and space gravimetry",https://doi.org/10.5194/essd-14-229-2022,"Earth system science data"
"Ripple effects mapping: capturing the wider impacts of systems change efforts in public health",https://doi.org/10.1186/s12874-022-01570-4,"BMC Medical Research Methodology"
"Does group-based trajectory modeling estimate spurious trajectories?",https://doi.org/10.1186/s12874-022-01622-9,"BMC Medical Research Methodology"
"Factors associated with reduced risk of musculoskeletal disorders among office workers: a cross-sectional study 2017 to 2020",https://doi.org/10.1186/s12889-022-13940-0,"BMC Public Health"
"Recipient obesity as a risk factor in kidney transplantation",https://doi.org/10.1186/s12882-022-02668-z,"BMC Nephrology"
"The pangenome of the wheat pathogen Pyrenophora tritici-repentis reveals novel transposons associated with necrotrophic effectors ToxA and ToxB",https://doi.org/10.1186/s12915-022-01433-w,"BMC Biology"
"Cell-free DNA methylation markers for differential diagnosis of hepatocellular carcinoma",https://doi.org/10.1186/s12916-021-02201-3,"BMC Medicine"
"Single-cell transcriptomics reveal a unique memory-like NK cell subset that accumulates with ageing and correlates with disease severity in COVID-19",https://doi.org/10.1186/s13073-022-01049-3,"Genome Medicine"
"Identification of a cytokine-dominated immunosuppressive class in squamous cell lung carcinoma with implications for immunotherapy resistance",https://doi.org/10.1186/s13073-022-01079-x,"Genome Medicine"
"Comprehensive diffusion MRI dataset for in vivo human brain microstructure mapping using 300 mT/m gradients",https://doi.org/10.1038/s41597-021-01092-6,"Scientific Data"
"A flux tower dataset tailored for land model evaluation",https://doi.org/10.5194/essd-14-449-2022,"Earth system science data"
"Cesarean delivery in Iran: a population-based analysis using the Robson classification system",https://doi.org/10.1186/s12884-022-04517-1,"BMC Pregnancy and Childbirth"
"Research on lncRNA related to drought resistance of Shanlan upland rice",https://doi.org/10.1186/s12864-022-08546-0,"BMC Genomics"
"The effect of micro-learning on learning and self-efficacy of nursing students: an interventional study",https://doi.org/10.1186/s12909-022-03726-8,"BMC Medical Education"
"GECOP-MMC: phase IV randomized clinical trial to evaluate the efficacy of hyperthermic intraperitoneal chemotherapy (HIPEC) with mytomicin-C after complete surgical cytoreduction in patients with colon cancer peritoneal metastases",https://doi.org/10.1186/s12885-022-09572-7,"BMC Cancer"
"Mental health outcomes following COVID-19 infection: impacts of post-COVID impairments and fatigue on depression, anxiety, and insomnia — a web survey in Sweden",https://doi.org/10.1186/s12888-022-04405-0,"BMC Psychiatry"
"The transcriptional landscape and biomarker potential of circular RNAs in prostate cancer",https://doi.org/10.1186/s13073-021-01009-3,"Genome Medicine"
"Determining extracellular vesicles properties and miRNA cargo variability in bovine milk from healthy cows and cows undergoing subclinical mastitis",https://doi.org/10.1186/s12864-022-08377-z,"BMC Genomics"
"HydroSat: geometric quantities of the global water cycle from geodetic satellites",https://doi.org/10.5194/essd-14-2463-2022,"Earth system science data"
"The rise of genomics in snake venom research: recent advances and future perspectives",https://doi.org/10.1093/gigascience/giac024,"GigaScience"
"In-office, in-home, and telehealth cognitive processing therapy for posttraumatic stress disorder in veterans: a randomized clinical trial",https://doi.org/10.1186/s12888-022-03699-4,"BMC Psychiatry"
"A comprehensive database of amphibian heat tolerance",https://doi.org/10.1038/s41597-022-01704-9,"Scientific Data"
"Latent profile analysis for quality of life in older patients",https://doi.org/10.1186/s12877-022-03518-1,"BMC Geriatrics"
"Does the 5–2-1 criteria identify patients with advanced Parkinson's disease? Real-world screening accuracy and burden of 5–2-1-positive patients in 7 countries",https://doi.org/10.1186/s12883-022-02560-1,"BMC Neurology"
"Development and evaluation of a virtual reality mechanical ventilation education program for nursing students",https://doi.org/10.1186/s12909-022-03834-5,"BMC Medical Education"
"Socio-demographic and lifestyle factors associated with intrinsic capacity among older adults: evidence from India",https://doi.org/10.1186/s12877-022-03558-7,"BMC Geriatrics"
"Analysis of gene expression in early seed germination of rice: landscape and genetic regulation",https://doi.org/10.1186/s12870-022-03458-3,"BMC Plant Biology"
"TSLP regulates mitochondrial ROS-induced mitophagy via histone modification in human monocytes",https://doi.org/10.1186/s13578-022-00767-w,"Cell & Bioscience"
"Genome-wide identification and characterization of the TIFY gene family in kiwifruit",https://doi.org/10.1186/s12864-022-08398-8,"BMC Genomics"
"Causal association evaluation of diabetes with Alzheimer's disease and genetic analysis of antidiabetic drugs against Alzheimer's disease",https://doi.org/10.1186/s13578-022-00768-9,"Cell & Bioscience"
"Transcriptomic and metabolomic landscape of quinoa during seed germination",https://doi.org/10.1186/s12870-022-03621-w,"BMC Plant Biology"
"Delirium due to hip fracture is associated with activated immune-inflammatory pathways and a reduction in negative immunoregulatory mechanisms",https://doi.org/10.1186/s12888-022-04021-y,"BMC Psychiatry"
"Job demands, job resources, and health outcomes among nursing professionals in private and public healthcare sectors in Sweden – a prospective study",https://doi.org/10.1186/s12912-022-00924-z,"BMC Nursing"
"Integrative genomic and transcriptomic analyses illuminate the ontology of HER2-low breast carcinomas",https://doi.org/10.1186/s13073-022-01104-z,"Genome Medicine"
"Metal removal capability of two cyanobacterial species in autotrophic and mixotrophic mode of nutrition",https://doi.org/10.1186/s12866-022-02471-8,"BMC Microbiology"
"Prevalence and correlates of infertility related psychological stress in women with infertility: a cross-sectional hospital based survey",https://doi.org/10.1186/s40359-022-00804-w,"BMC Psychology"
"Large-scale discovery of novel neurodevelopmental disorder-related genes through a unified analysis of single-nucleotide and copy number variants",https://doi.org/10.1186/s13073-022-01042-w,"Genome Medicine"
"Feasibility of virtual reality based training for optimising COVID-19 case handling in Uganda",https://doi.org/10.1186/s12909-022-03294-x,"BMC Medical Education"
"Experimental demonstration of tethered gene drive systems for confined population modification or suppression",https://doi.org/10.1186/s12915-022-01292-5,"BMC Biology"
"Automatic ovarian tumors recognition system based on ensemble convolutional neural network with ultrasound imaging",https://doi.org/10.1186/s12911-022-02047-6,"BMC Medical Informatics and Decision Making"
"Longitudinal alterations of the gut mycobiota and microbiota on COVID-19 severity",https://doi.org/10.1186/s12879-022-07358-7,"BMC Infectious Diseases"
"Integrated transcriptome and hormonal analysis of naphthalene acetic acid-induced adventitious root formation of tea cuttings (Camellia sinensis)",https://doi.org/10.1186/s12870-022-03701-x,"BMC Plant Biology"
"Relationship between a novel non–insulin-based metabolic score for insulin resistance (METS‐IR) and coronary artery calcification",https://doi.org/10.1186/s12902-022-01180-7,"BMC Endocrine Disorders"
"Dapagliflozin, sildenafil and their combination in monocrotaline-induced pulmonary arterial hypertension",https://doi.org/10.1186/s12890-022-01939-7,"BMC Pulmonary Medicine"
"Nanotechnological engineering of extracellular vesicles for the development of actively targeted hybrid nanodevices",https://doi.org/10.1186/s13578-022-00784-9,"Cell & Bioscience"
"Predictive value of baseline metabolic tumor volume in early-stage favorable Hodgkin Lymphoma – Data from the prospective, multicenter phase III HD16 trial",https://doi.org/10.1186/s12885-022-09758-z,"BMC Cancer"
"qMRI-BIDS: An extension to the brain imaging data structure for quantitative magnetic resonance imaging data",https://doi.org/10.1038/s41597-022-01571-4,"Scientific Data"
"How technology-enhanced experiential e-learning can facilitate the development of person-centred communication skills online for health-care students: a qualitative study",https://doi.org/10.1186/s12909-022-03127-x,"BMC Medical Education"
"Flemish population-based cancer screening programs: impact of COVID-19 related shutdown on short-term key performance indicators",https://doi.org/10.1186/s12885-022-09292-y,"BMC Cancer"
"Prevalence and determinants of fever, ARI and diarrhea among children aged 6–59 months in Bangladesh",https://doi.org/10.1186/s12887-022-03166-9,"BMC Pediatrics"
"An 8-gene machine learning model improves clinical prediction of severe dengue progression",https://doi.org/10.1186/s13073-022-01034-w,"Genome Medicine"
"Algorithm for DNA sequence assembly by quantum annealing",https://doi.org/10.1186/s12859-022-04661-7,"BMC Bioinformatics"
"Correcting Thornthwaite potential evapotranspiration using a global grid of local coefficients to support temperature-based estimations of reference evapotranspiration and aridity indices",https://doi.org/10.5194/essd-14-163-2022,"Earth system science data"
"Comparative transcriptome analysis of resistant and susceptible wheat in response to Rhizoctonia cerealis",https://doi.org/10.1186/s12870-022-03584-y,"BMC Plant Biology"
"Non-operative treatment or volar locking plate fixation for dorsally displaced distal radius fractures in patients over 70 years – a three year follow-up of a randomized controlled trial",https://doi.org/10.1186/s12891-022-05394-7,"BMC Musculoskeletal Disorders"
"COVID-19 infections in day care centres in Germany: social and organisational determinants of infections in children and staff in the second and third wave of the pandemic",https://doi.org/10.1186/s12889-021-12470-5,"BMC Public Health"
"Increasing emergency department admissions for chemsex-related intoxications in Barcelona, Spain, among people living with HIV: an observational study from 2018 to 2020",https://doi.org/10.1186/s12889-022-12763-3,"BMC Public Health"
"Treatment resistant M-type phospholipase A2 receptor associated membranous nephropathy responds to obinutuzumab: a report of two cases",https://doi.org/10.1186/s12882-022-02761-3,"BMC Nephrology"
"Increased serum IL-2, IL-4, IL-5 and IL-12p70 levels in AChR subtype generalized myasthenia gravis",https://doi.org/10.1186/s12865-022-00501-8,"BMC Immunology"
"The relationship between ethical leadership, conscientiousness, and moral courage from nurses’ perspective",https://doi.org/10.1186/s12912-022-00941-y,"BMC Nursing"
"Genome-wide interrogation of structural variation reveals novel African-specific prostate cancer oncogenic drivers",https://doi.org/10.1186/s13073-022-01096-w,"Genome Medicine"
"MGIDI: a powerful tool to analyze plant multivariate data",https://doi.org/10.1186/s13007-022-00952-5,"Plant Methods"
"Learning burnout and its association with perceived stress, social support, and the Big Five personality traits in Chinese medical students during the COVID-19 pandemic: a cross-sectional study",https://doi.org/10.1186/s12888-022-04453-6,"BMC Psychiatry"
"Benchmark dataset of memes with text transcriptions for automatic detection of multi-modal misogynistic content",https://doi.org/10.1016/j.dib.2022.108526,"Data in Brief"
"Innovative curriculum is needed to address residents’ attitudes toward older adults: the case of geriatric trauma",https://doi.org/10.1186/s12909-022-03196-y,"BMC Medical Education"
"Does hospital volume affect outcomes after abdominal cancer surgery: an analysis of Swiss health insurance claims data",https://doi.org/10.1186/s12913-022-07513-5,"BMC Health Services Research"
"﻿Oreocharis phuongii (Gesneriaceae), a new species from central Vietnam",https://doi.org/10.3897/phytokeys.193.77083,"PhytoKeys"
"A novel ceRNA-immunoregulatory axis based on immune cell infiltration in ulcerative colitis-associated colorectal carcinoma by integrated weighted gene co-expression network analysis",https://doi.org/10.1186/s12876-022-02252-7,"BMC Gastroenterology"
"Opening up safely: public health system requirements for ongoing COVID-19 management based on evaluation of Australia’s surveillance system performance",https://doi.org/10.1186/s12916-022-02344-x,"BMC Medicine"
"Serum β-catenin changes vary among different stages of osteonecrosis of the femoral head: an exploratory biomarker study",https://doi.org/10.1186/s12891-022-05399-2,"BMC Musculoskeletal Disorders"
"Transmission risk of COVID-19 in high school and college water polo",https://doi.org/10.1186/s12879-022-07448-6,"BMC Infectious Diseases"
"Evaporative flux method of leaf hydraulic conductance estimation: sources of uncertainty and reporting format recommendation",https://doi.org/10.1186/s13007-022-00888-w,"Plant Methods"
"Identification of functionally important miRNA targeted genes associated with child obesity trait in genome-wide association studies",https://doi.org/10.1186/s12864-022-08576-8,"BMC Genomics"
"Data supporting the in situ synthesis by organometallic method of Vulcan supported PdNi nanostructures for hydrogen evolution reaction in alkaline solution",https://doi.org/10.1016/j.dib.2022.108256,"Data in Brief"
"Technical innovations in stroke rehabilitation – a survey for development of a non-invasive, brainwave-guided, functional muscle stimulation",https://doi.org/10.1186/s12883-022-02716-z,"BMC Neurology"
"Differences in medication reconciliation interventions between six hospitals: a mixed method study",https://doi.org/10.1186/s12913-022-08118-8,"BMC Health Services Research"
"Incontinentia pigmenti inherited from a father with a low level atypical IKBKG deletion mosaicism: a case report",https://doi.org/10.1186/s12887-022-03444-6,"BMC Pediatrics"
"“I lost so much more than my partner” – Bereaved partners’ grief experiences following suicide or physician-assisted dying in case of a mental disorder",https://doi.org/10.1186/s12888-022-04098-5,"BMC Psychiatry"
"Use of allogeneic freeze-dried conditioned serum for the prevention of degradation in cartilage exposed to IL-1ß",https://doi.org/10.1186/s12917-022-03227-2,"BMC Veterinary Research"
"Genome-wide identification of resistance genes and transcriptome regulation in yeast to accommodate ammonium toxicity",https://doi.org/10.1186/s12864-022-08742-y,"BMC Genomics"
"Detecting protein complexes with multiple properties by an adaptive harmony search algorithm",https://doi.org/10.1186/s12859-022-04923-4,"BMC Bioinformatics"
"Comparative transcriptomic responses of European and Japanese larches to infection by Phytophthora ramorum",https://doi.org/10.1186/s12870-022-03806-3,"BMC Plant Biology"
"Electroencephalography (EEG) dataset during naturalistic music listening comprising different genres with familiarity and enjoyment ratings",https://doi.org/10.1016/j.dib.2022.108663,"Data in Brief"
"The transcriptomic landscape of Magnetospirillum gryphiswaldense during magnetosome biomineralization",https://doi.org/10.1186/s12864-022-08913-x,"BMC Genomics"
"Moringa as a household water purification method – community perception and pilot study in Guinea-Bissau",https://doi.org/10.1186/s12889-022-14344-w,"BMC Public Health"
"County-level associations between food retailer availability and violent crime rate",https://doi.org/10.1186/s12889-022-14415-y,"BMC Public Health"
"CRANIUM: a quasi-experimental study to improve metabolic screening and HIV testing in community mental health clinics compared to usual care",https://doi.org/10.1186/s12888-022-04293-4,"BMC Psychiatry"
"Spanish adaptation of the quality in psychiatric care-outpatient (QPC-OP) instrument community mental health patients’ version: psychometric properties and factor structure",https://doi.org/10.1186/s12912-022-01094-8,"BMC Nursing"
"Electrical production data of a domestic grid-connected rooftop PV plant in normal and shading faults conditions associated with solar and meteorological data in a tropical climate",https://doi.org/10.1016/j.dib.2022.108723,"Data in Brief"
"But what do we mean by “health”? A critical perspective on the concept of health in the adolescent transition program of a Norwegian university hospital",https://doi.org/10.1186/s12913-022-08903-5,"BMC Health Services Research"
"TF-Prioritizer: a Java pipeline to prioritize condition-specific transcription factors",https://doi.org/10.1093/gigascience/giad026,"GigaScience"
"A community resource to mass explore the wheat grain proteome and its application to the late-maturity alpha-amylase (LMA) problem",https://doi.org/10.1093/gigascience/giad084,"GigaScience"
"Investigating the genomic alteration improved the clinical outcome of aged patients with lung carcinoma",https://doi.org/10.1186/s12864-021-08289-4,"BMC Genomics"
"An equation to estimate 24-hour total urine protein excretion rate in patients who underwent urine protein testing",https://doi.org/10.1186/s12882-022-02673-2,"BMC Nephrology"
"Hepatitis C seroprevalence among people living with HIV/AIDS and pregnant women in four provinces in Cambodia: an integrated bio-behavioral survey",https://doi.org/10.1186/s12879-022-07163-2,"BMC Infectious Diseases"
"Long-term follow-up of retinal morphology and physiology after 2000 mg sildenafil overdose as a means of attempted suicide: a case report",https://doi.org/10.1186/s12886-022-02426-7,"BMC Ophthalmology"
"Immune correlates of cardiovascular co-morbidity in HIV infected participants from South India",https://doi.org/10.1186/s12865-022-00498-0,"BMC Immunology"
"Deinstitutionalization from the perspective of community-dwelling adults with a severe mental illness in Amsterdam: a cohort study protocol",https://doi.org/10.1186/s12889-022-13291-w,"BMC Public Health"
"Data on Cu- and Ni-Si-Mn-rich solute clustering in a neutron irradiated austenitic stainless steel",https://doi.org/10.1016/j.dib.2022.108263,"Data in Brief"
"Clinical and molecular findings in a Chinese family with a de novo mitochondrial A1555G mutation",https://doi.org/10.1186/s12920-022-01276-y,"BMC Medical Genomics"
"Analysis of the completeness of self-harm and suicide records in Pernambuco, Brazil, 2014–2016",https://doi.org/10.1186/s12889-022-13455-8,"BMC Public Health"
"A gene deriving from the ancestral sex chromosomes was lost from the X and retained on the Y chromosome in eutherian mammals",https://doi.org/10.1186/s12915-022-01338-8,"BMC Biology"
"The development and validation of the Japanese version of job satisfaction scale: a cross-sectional study on home healthcare nurses",https://doi.org/10.1186/s13104-022-06092-2,"BMC Research Notes"
"MicroRNA expression profile of chicken cecum in different stages during Histomonas meleagridis infection",https://doi.org/10.1186/s12917-022-03316-2,"BMC Veterinary Research"
"Changing trends of obesity and lipid profiles among Bangkok school children after comprehensive management of the bright and healthy Thai kid project",https://doi.org/10.1186/s12889-022-13712-w,"BMC Public Health"
"The feasibility and efficacy of computer-assisted screw inserting planning in the surgical treatment for severe spinal deformity: a prospective study",https://doi.org/10.1186/s12893-022-01711-y,"BMC Surgery"
"Evaluating the cardioprotective effect of metformin on myocardial ischemia–reperfusion injury using dynamic 18F-FDG micro-PET/CT imaging",https://doi.org/10.1186/s12872-022-02750-2,"BMC Cardiovascular Disorders"
"Public procurement of antineoplastic agents used for treating breast cancer in Brazil between 2013 and 2019",https://doi.org/10.1186/s12885-022-09851-3,"BMC Cancer"
"Results of the Cologne Corona surveillance (CoCoS) study – a prospective population-based cohort study: incidence data and potential underestimation of new SARS-CoV-2 adult infections by health authorities",https://doi.org/10.1186/s12889-022-13745-1,"BMC Public Health"
"Vacuolin-1 enhances RA-induced differentiation of human myeloblastic leukemia cells: evidence for involvement of a CD11b/FAK/LYN/SLP-76 axis subject to endosomal regulation that drives late differentiation steps",https://doi.org/10.1186/s13578-022-00911-6,"Cell & Bioscience"
"Interplay of pandemic and seasonal parameters in dental emergency service",https://doi.org/10.1186/s12903-022-02524-4,"BMC Oral Health"
"Decellularized bovine ovarian niche restored the function of cumulus and endothelial cells",https://doi.org/10.1186/s13104-022-06233-7,"BMC Research Notes"
"The interaction between antenatal care and abnormal temperature during delivery and its relationship with postpartum care: a prospective study of 1,538 women in semi-rural Uganda",https://doi.org/10.1186/s12884-022-05207-8,"BMC Pregnancy and Childbirth"
"Analysis of long non-coding RNA expression profile of bovine monocyte-macrophage infected by Mycobacterium avium subsp. paratuberculosis",https://doi.org/10.1186/s12864-022-08997-5,"BMC Genomics"
"High-risk diagnosis combinations in patients undergoing interhospital transfer: a retrospective observational study",https://doi.org/10.1186/s12873-022-00742-1,"BMC Emergency Medicine"
"Chromosomal analysis of 262 miscarried conceptuses: a retrospective study",https://doi.org/10.1186/s12884-022-05246-1,"BMC Pregnancy and Childbirth"
"Analysis and comparison of tear protein profiles in dogs using different tear collection methods",https://doi.org/10.1186/s12917-022-03543-7,"BMC Veterinary Research"
"Changes in intraocular pressure and ocular pulse amplitude of rhesus macaques after blue light scleral cross-linking",https://doi.org/10.1186/s12886-022-02306-0,"BMC Ophthalmology"
"﻿Demography of an invading forest insect reunited with hosts and parasitoids from its native range",https://doi.org/10.3897/neobiota.72.75392,"NeoBiota"
"Cross-cultural translation and psychometric properties of the Persian version Manchester respiratory activities of daily living questionnaire (MRADLQ-P)",https://doi.org/10.1186/s12890-022-01920-4,"BMC Pulmonary Medicine"
"Misidentification of preformed anti-HLA-DP antibodies leads to antibody-mediated kidney transplant rejection: a case report",https://doi.org/10.1186/s12882-022-02807-6,"BMC Nephrology"
"Transcriptome dataset of six human pathogen RNA viruses generated by nanopore sequencing",https://doi.org/10.1016/j.dib.2022.108386,"Data in Brief"
"Long-term effectiveness and trajectories of change after treatment with SMART, a transdiagnostic CBT for adolescents with emotional problems",https://doi.org/10.1186/s40359-022-00872-y,"BMC Psychology"
"Explaining regional variation in elective hip and knee arthroplasties in Finland 2010 − 2017—a register-based cohort study",https://doi.org/10.1186/s12913-022-08305-7,"BMC Health Services Research"
"Characterization of polymorphic microsatellite markers for the Japanese endangered land snail Mandarina",https://doi.org/10.1186/s13104-022-06147-4,"BMC Research Notes"
"Brainstem lesions are associated with diffuse spinal cord involvement in early multiple sclerosis",https://doi.org/10.1186/s12883-022-02778-z,"BMC Neurology"
"Estimating the risk of SARS-CoV-2 deaths using a Markov switching-volatility model combined with heavy-tailed distributions for South Africa",https://doi.org/10.1186/s12889-022-14249-8,"BMC Public Health"
"Dataset of experimental study investigation of airflow and heat transfer in an insulated box equipped with a phase change material",https://doi.org/10.1016/j.dib.2022.108696,"Data in Brief"
"Can the level of HbA1C predict diabetic retinopathy among type II diabetic patients?",https://doi.org/10.1186/s12886-022-02608-3,"BMC Ophthalmology"
"The Persian version of the psychological flexibility in sport scale: a psychometric study",https://doi.org/10.1186/s40359-022-00962-x,"BMC Psychology"
"Research attitudes, practice and literacy among Kenyan palliative care healthcare professionals: an observational, cross-sectional online survey",https://doi.org/10.1186/s12904-022-01091-3,"BMC Palliative Care"
"Chest radiography in children aged 2–59 months enrolled in the Innovative Treatments in Pneumonia (ITIP) project in Lilongwe Malawi: a secondary analysis",https://doi.org/10.1186/s12887-021-03091-3,"BMC Pediatrics"
"Implementation evaluation of a collective impact initiative to promote adolescent health in Oklahoma County, USA",https://doi.org/10.1186/s12889-021-12482-1,"BMC Public Health"
"Proteomics and image screening data of cellular secretomes and their biological effects: Comparing the signals sent by cardiac stromal cells and dermal fibroblasts in culture",https://doi.org/10.1016/j.dib.2022.107963,"Data in Brief"
"Data of range of thoracic kyphosis and lumbar lordosis between line and staff personnel of armed forces in Kermanshah, Iran",https://doi.org/10.1016/j.dib.2022.108194,"Data in Brief"
"Assigning protein function from domain-function associations using DomFun",https://doi.org/10.1186/s12859-022-04565-6,"BMC Bioinformatics"
"Towards optimal treatment selection for borderline personality disorder patients (BOOTS): a study protocol for a multicenter randomized clinical trial comparing schema therapy and dialectical behavior therapy",https://doi.org/10.1186/s12888-021-03670-9,"BMC Psychiatry"
"The feasibility of using life skills training in primary schools to improve mental health and academic performance: a pilot study in Kenya",https://doi.org/10.1186/s12888-022-03781-x,"BMC Psychiatry"
"Environmental data and methods from the Accumulating Data to Optimally Predict Obesity Treatment (ADOPT) core measures environmental working group",https://doi.org/10.1016/j.dib.2022.108002,"Data in Brief"
"RNA-Seq reveals miRNA role in thermogenic regulation in brown adipose tissues of goats",https://doi.org/10.1186/s12864-022-08401-2,"BMC Genomics"
"Using genomic epidemiology of SARS-CoV-2 to support contact tracing and public health surveillance in rural Humboldt County, California",https://doi.org/10.1186/s12889-022-12790-0,"BMC Public Health"
"Association between short-term neurological outcomes and extreme hyperoxia in patients with out-of-hospital cardiac arrest who underwent extracorporeal cardiopulmonary resuscitation: a retrospective observational study from a multicenter registry",https://doi.org/10.1186/s12872-022-02598-6,"BMC Cardiovascular Disorders"
"Demographics of road injuries and micromobility injuries among China, India, Japan, and the United States population: evidence from an age-period-cohort analysis",https://doi.org/10.1186/s12889-022-13152-6,"BMC Public Health"
"Factors associated with fetal karyotype in spontaneous abortion: a case-case study",https://doi.org/10.1186/s12884-022-04491-8,"BMC Pregnancy and Childbirth"
"A toolkit to rapidly modify root systems through single plant selection",https://doi.org/10.1186/s13007-021-00834-2,"Plant Methods"
"Genome-wide identification of MITE-derived microRNAs and their targets in bread wheat",https://doi.org/10.1186/s12864-022-08364-4,"BMC Genomics"
"Fear of childbirth and its predictors in re-pregnant women after cesarean section: a cross-sectional multicenter study in China",https://doi.org/10.1186/s12884-022-04721-z,"BMC Pregnancy and Childbirth"
"Erector spinae plane block vs interscalene brachial plexus block for postoperative analgesia management in patients who underwent shoulder arthroscopy",https://doi.org/10.1186/s12871-022-01687-5,"BMC Anesthesiology"
"Maternal mortality study in the Eastern Democratic Republic of the Congo",https://doi.org/10.1186/s12884-022-04783-z,"BMC Pregnancy and Childbirth"
"Chromosome-level genome assembly of the black widow spider<i>Latrodectus elegans</i>illuminates composition and evolution of venom and silk proteins",https://doi.org/10.1093/gigascience/giac049,"GigaScience"
"Unraveling metabolic patterns and molecular mechanisms underlying storability in sugar beet",https://doi.org/10.1186/s12870-022-03784-6,"BMC Plant Biology"
"The impact of human resources for health on the health outcomes of Chinese people",https://doi.org/10.1186/s12913-022-08540-y,"BMC Health Services Research"
"Workplace violence and its associated factors among nurses working in public hospitals of eastern Ethiopia: a cross-sectional study",https://doi.org/10.1186/s12912-022-01078-8,"BMC Nursing"
"Stressors related to the Covid-19 pandemic, climate change, and the Ukraine crisis, and their impact on stress symptoms in Germany: analysis of cross-sectional survey data",https://doi.org/10.1186/s12889-022-14682-9,"BMC Public Health"
"Calculating variant penetrance from family history of disease and average family size in population-scale data",https://doi.org/10.1186/s13073-022-01142-7,"Genome Medicine"
"Prevalence of depressive symptoms and correlated factors among pregnant women during their second and third trimesters in northwest rural China: a cross-sectional study",https://doi.org/10.1186/s12884-021-04340-0,"BMC Pregnancy and Childbirth"
"Using communities of practice as a lens for exploring experiential pharmacy learning in general practice: Are communities of practice the way forward in changing the training culture in pharmacy?",https://doi.org/10.1186/s12909-021-03079-8,"BMC Medical Education"
"Seroprevalence of anti-SARS-CoV-2 antibodies among staff at primary healthcare institutions in Prishtina",https://doi.org/10.1186/s12879-022-07038-6,"BMC Infectious Diseases"
"Malignancy prediction of cutaneous and subcutaneous neoplasms in canines using B-mode ultrasonography, Doppler, and ARFI elastography",https://doi.org/10.1186/s12917-021-03118-y,"BMC Veterinary Research"
"Transcriptional landscape of circulating platelets from patients with COVID-19 reveals key subnetworks and regulators underlying SARS-CoV-2 infection: implications for immunothrombosis",https://doi.org/10.1186/s13578-022-00750-5,"Cell & Bioscience"
"Depressive symptomatology, temperament and oxytocin serum levels in a sample of healthy female university students",https://doi.org/10.1186/s40359-022-00744-5,"BMC Psychology"
"Identification of a novel m6A-related lncRNA pair signature for predicting the prognosis of gastric cancer patients",https://doi.org/10.1186/s12876-022-02159-3,"BMC Gastroenterology"
"The EurOPDX Data Portal: an open platform for patient-derived cancer xenograft data sharing and visualization",https://doi.org/10.1186/s12864-022-08367-1,"BMC Genomics"
"Symptoms of internet gaming disorder among male college students in Nanchong, China",https://doi.org/10.1186/s12888-022-03778-6,"BMC Psychiatry"
"UK children’s sleep and anxiety during the COVID-19 pandemic",https://doi.org/10.1186/s40359-022-00729-4,"BMC Psychology"
"CD4, CD8 and natural killer cells are depressed in patients with alopecia areata: their association with disease activity",https://doi.org/10.1186/s12865-022-00486-4,"BMC Immunology"
"Three-dimensional structured illumination microscopy data of mitochondria and lysosomes in cardiomyoblasts under normal and galactose-adapted conditions",https://doi.org/10.1038/s41597-022-01207-7,"Scientific Data"
"Integration of genetic colocalizations with physiological and pharmacological perturbations identifies cardiometabolic disease genes",https://doi.org/10.1186/s13073-022-01036-8,"Genome Medicine"
"Impaired functional network properties contribute to white matter hyperintensity related cognitive decline in patients with cerebral small vessel disease",https://doi.org/10.1186/s12880-022-00769-7,"BMC Medical Imaging"
"Decoding ceRNA regulatory network in the pulmonary artery of hypoxia-induced pulmonary hypertension (HPH) rat model",https://doi.org/10.1186/s13578-022-00762-1,"Cell & Bioscience"
"Predictive validity of the Stopping Elderly Accidents, Deaths &amp; Injuries (STEADI) program fall risk screening algorithms among community-dwelling Thai elderly",https://doi.org/10.1186/s12916-022-02280-w,"BMC Medicine"
"The impact of nucleic acid testing to detect human immunodeficiency virus, hepatitis C virus, and hepatitis B virus yields from a single blood center in China with 10-years review",https://doi.org/10.1186/s12879-022-07279-5,"BMC Infectious Diseases"
"Generation of immunodeficient pig with hereditary tyrosinemia type 1 and their preliminary application for humanized liver",https://doi.org/10.1186/s13578-022-00760-3,"Cell & Bioscience"
"Study protocol of a randomized controlled trial comparing two linkage models for HIV prevention and treatment in justice-involved persons",https://doi.org/10.1186/s12879-022-07354-x,"BMC Infectious Diseases"
"Aerosol exposure of staff during dental treatments: a model study",https://doi.org/10.1186/s12903-022-02155-9,"BMC Oral Health"
"Examining the sustainability and effectiveness of co-created physical activity interventions in vocational education and training: a multimethod evaluation",https://doi.org/10.1186/s12889-022-13133-9,"BMC Public Health"
"﻿Three new species of Candolleomyces (Agaricomycetes, Agaricales, Psathyrellaceae) from the Yanshan Mountains in China",https://doi.org/10.3897/mycokeys.88.81437,"MycoKeys"
"Autism spectrum disorders as a risk factor for adolescent self-harm: a retrospective cohort study of 113,286 young people in the UK",https://doi.org/10.1186/s12916-022-02329-w,"BMC Medicine"
"Development and evaluation of an electronic nursing documentation system",https://doi.org/10.1186/s12912-021-00790-1,"BMC Nursing"
"A CYC–RAD–DIV–DRIF interaction likely pre-dates the origin of floral monosymmetry in Lamiales",https://doi.org/10.1186/s13227-021-00187-w,"EvoDevo"
"The BOOST paediatric advance care planning intervention for adolescents with cancer and their parents: development, acceptability and feasibility",https://doi.org/10.1186/s12887-022-03247-9,"BMC Pediatrics"
"Comparative transcriptome analysis identifies crucial candidate genes and pathways in the hypothalamic-pituitary-gonadal axis during external genitalia development of male geese",https://doi.org/10.1186/s12864-022-08374-2,"BMC Genomics"
"White and non-White Australian mental health care practitioners’ desirable responding, cultural competence, and racial/ethnic attitudes",https://doi.org/10.1186/s40359-022-00818-4,"BMC Psychology"
"Monocyte count and soluble markers of monocyte activation in people living with HIV and uninfected controls",https://doi.org/10.1186/s12879-022-07450-y,"BMC Infectious Diseases"
"Methylated Septin9 has moderate diagnostic value in colorectal cancer detection in Chinese population: a multicenter study",https://doi.org/10.1186/s12876-022-02313-x,"BMC Gastroenterology"
"Burnout and the role of authentic leadership in academic medicine",https://doi.org/10.1186/s12913-022-08034-x,"BMC Health Services Research"
"Identification of a novel autophagy-related prognostic signature and small molecule drugs for glioblastoma by bioinformatics",https://doi.org/10.1186/s12920-022-01261-5,"BMC Medical Genomics"
"Patient navigator team perceptions on the implementation of a citywide breast cancer patient navigation protocol: a qualitative study",https://doi.org/10.1186/s12913-022-08090-3,"BMC Health Services Research"
"Looking back: Identifying supportive care and unmet needs of parents of children receiving specialist paediatric palliative care from the bereavement perspective",https://doi.org/10.1186/s12904-022-00971-y,"BMC Palliative Care"
"The identification and validation of EphA7 hypermethylation, a novel biomarker, in cervical cancer",https://doi.org/10.1186/s12885-022-09653-7,"BMC Cancer"
"Effects of childhood obesity and related genetic factors on precocious puberty: protocol for a multi-center prospective cohort study",https://doi.org/10.1186/s12887-022-03350-x,"BMC Pediatrics"
"Risk prediction of 30-day mortality after stroke using machine learning: a nationwide registry-based cohort study",https://doi.org/10.1186/s12883-022-02722-1,"BMC Neurology"
"Development and assessment of PharmaCheck: an electronic screening tool for the prevention of twenty major adverse drug events",https://doi.org/10.1186/s12911-022-01885-8,"BMC Medical Informatics and Decision Making"
"Growing up during a public health crisis: a qualitative study of Born in Bradford early adolescents during Covid-19",https://doi.org/10.1186/s40359-022-00851-3,"BMC Psychology"
"Ileum tissue single-cell mRNA sequencing elucidates the cellular architecture of pathophysiological changes associated with weaning in piglets",https://doi.org/10.1186/s12915-022-01321-3,"BMC Biology"
"Data quality and associated factors in the health management information system at health centers in Shashogo district, Hadiya zone, southern Ethiopia, 2021",https://doi.org/10.1186/s12911-022-01898-3,"BMC Medical Informatics and Decision Making"
"Parental care and depressive symptoms among Chinese medical students: roles of empathy and gender",https://doi.org/10.1186/s12909-022-03524-2,"BMC Medical Education"
"Exploring the environmental determinants of food choice among Haudenosaunee female youth",https://doi.org/10.1186/s12889-022-13434-z,"BMC Public Health"
"Synergistic anti-SARS-CoV-2 activity of repurposed anti-parasitic drug combinations",https://doi.org/10.1186/s40360-022-00580-8,"BMC Pharmacology and Toxicology"
"Evaluation of PD-L1 and B7-H3 expression as a predictor of response to adjuvant chemotherapy in bladder cancer",https://doi.org/10.1186/s12894-022-01044-1,"BMC Urology"
"Prepregnancy body mass index, gestational weight gain, and maternal prepartum inflammation in normal pregnancies: findings from a Chinese cohort",https://doi.org/10.1186/s12884-022-04849-y,"BMC Pregnancy and Childbirth"
"Barriers and enablers to utilisation of the WHO surgical safety checklist at the university teaching hospital in Lusaka, Zambia: a qualitative study",https://doi.org/10.1186/s12913-022-08257-y,"BMC Health Services Research"
"﻿Long-term changes in the prevalence of the crayfish plague pathogen and its genotyping in invasive crayfish species in Czechia",https://doi.org/10.3897/neobiota.74.79087,"NeoBiota"
"Comparison of accuracy and safety between second-generation TiRobot-assisted and free-hand thoracolumbar pedicle screw placement",https://doi.org/10.1186/s12893-022-01723-8,"BMC Surgery"
"Knowledge, practice and associated factors of nurses towards prevention of catheter-associated urinary tract infection in intensive care unit of public hospitals administered by Federal Government in Addis Ababa, Ethiopia: a cross-sectional institutional-based study",https://doi.org/10.1186/s12912-022-00968-1,"BMC Nursing"
"Associations of multiple chronic disease and depressive symptoms with incident stroke among Chinese middle-aged and elderly adults: a nationwide population-based cohort study",https://doi.org/10.1186/s12877-022-03329-4,"BMC Geriatrics"
"CPMCP: a database of Chinese patent medicine and compound prescription",https://doi.org/10.1093/database/baac073,"Database"
"A genetic model for central chondrosarcoma evolution correlates with patient outcome",https://doi.org/10.1186/s13073-022-01084-0,"Genome Medicine"
"TILES-2019: A longitudinal physiologic and behavioral data set of medical residents in an intensive care unit",https://doi.org/10.1038/s41597-022-01636-4,"Scientific Data"
"Weak inclusion of the medical humanities in medical education: a qualitative study among Danish medical students",https://doi.org/10.1186/s12909-022-03723-x,"BMC Medical Education"
"Plastome structure, phylogenomics, and divergence times of tribe Cinnamomeae (Lauraceae)",https://doi.org/10.1186/s12864-022-08855-4,"BMC Genomics"
"The duration of protection against clinical malaria provided by the combination of seasonal RTS,S/AS01E vaccination and seasonal malaria chemoprevention versus either intervention given alone",https://doi.org/10.1186/s12916-022-02536-5,"BMC Medicine"
"Effects of pendulum appliance versus clear aligners in the vertical dimension during Class II malocclusion treatment: a randomized prospective clinical trial",https://doi.org/10.1186/s12903-022-02483-w,"BMC Oral Health"
"Systematic description of an interdisciplinary multimodal pain treatment programme for patients with chronic musculoskeletal pain, using the TIDieR checklist",https://doi.org/10.1186/s13104-022-06211-z,"BMC Research Notes"
"DENSEN: a convolutional neural network for estimating chronological ages from panoramic radiographs",https://doi.org/10.1186/s12859-022-04935-0,"BMC Bioinformatics"
"The relationship between serum C-reactive protein and senile hypertension",https://doi.org/10.1186/s12872-022-02948-4,"BMC Cardiovascular Disorders"
"Evaluation of neutrophil-to-lymphocyte ratio and platelet-to-lymphocyte ratio as potential markers for ulcerative colitis: a retrospective study",https://doi.org/10.1186/s12876-022-02571-9,"BMC Gastroenterology"
"Men’s conceptualization of gender-based violence directed to women in Alexandra Township, Johannesburg, South Africa",https://doi.org/10.1186/s12889-022-14616-5,"BMC Public Health"
"OpenMRG: Open data from Microwave links, Radar, and Gauges for rainfall quantification in Gothenburg, Sweden",https://doi.org/10.5194/essd-14-5411-2022,"Earth system science data"
"Impact of interprofessional collaborative practice in palliative care on outcomes for advanced cancer inpatients in a resource-limited setting",https://doi.org/10.1186/s12904-022-01121-0,"BMC Palliative Care"
"NADH oxidase of Mycoplasma synoviae is a potential diagnostic antigen, plasminogen/fibronectin binding protein and a putative adhesin",https://doi.org/10.1186/s12917-022-03556-2,"BMC Veterinary Research"
"Links between obesity, weight stigma and learning in adolescence: a qualitative study",https://doi.org/10.1186/s12889-022-12538-w,"BMC Public Health"
"Overlap between irritable bowel syndrome and common gastrointestinal diagnoses: a retrospective cohort study of 29,553 outpatients in Germany",https://doi.org/10.1186/s12876-022-02118-y,"BMC Gastroenterology"
"Integrating simulation training during clinical practice in nursing homes: an experimental study of nursing students’ knowledge acquisition, self-efficacy and learning needs",https://doi.org/10.1186/s12912-022-00824-2,"BMC Nursing"
"Risk factors associated with intraoperative shivering during caesarean section: a prospective nested case-control study",https://doi.org/10.1186/s12871-022-01596-7,"BMC Anesthesiology"
"Assessment of oral health status in a Ghanaian population: rationale, methods, and population characteristics",https://doi.org/10.1186/s12903-022-02090-9,"BMC Oral Health"
"Understanding breast cancer risk factors: is there any mismatch between laywomen perceptions and expert opinions",https://doi.org/10.1186/s12885-022-09372-z,"BMC Cancer"
"Impacts of bariatric surgery in health outcomes and health care costs in Brazil: Interrupted time series analysis of multi-panel data",https://doi.org/10.1186/s12913-021-07432-x,"BMC Health Services Research"
"Projected number of osteoarthritis patients in Austria for the next decades – quantifying the necessity of treatment and prevention strategies in Europe",https://doi.org/10.1186/s12891-022-05091-5,"BMC Musculoskeletal Disorders"
"Labor induction in China: a nationwide survey",https://doi.org/10.1186/s12884-022-04760-6,"BMC Pregnancy and Childbirth"
"The relation between MIND diet with psychological disorders and psychological stress among Iranian adults",https://doi.org/10.1186/s12888-022-04128-2,"BMC Psychiatry"
"Medical science students’ experiences of test anxiety: a phenomenological study",https://doi.org/10.1186/s40359-022-00896-4,"BMC Psychology"
"A multidevice and multimodal dataset for human energy expenditure estimation using wearable devices",https://doi.org/10.1038/s41597-022-01643-5,"Scientific Data"
"Effectiveness of fluoride-containing toothpastes associated with different technologies to remineralize enamel after pH cycling: an in vitro study",https://doi.org/10.1186/s12903-022-02429-2,"BMC Oral Health"
"Association of lactate to albumin ratio and bicarbonate with short-term mortality risk in patients with acute myocardial infarction",https://doi.org/10.1186/s12872-022-02902-4,"BMC Cardiovascular Disorders"
"Development and validation of machine learning-based risk prediction models of oral squamous cell carcinoma using salivary autoantibody biomarkers",https://doi.org/10.1186/s12903-022-02607-2,"BMC Oral Health"
"Population-based cohort study: proton pump inhibitor use during pregnancy in Sweden and the risk of maternal and neonatal adverse events",https://doi.org/10.1186/s12916-022-02673-x,"BMC Medicine"
"Nursing allocation in isolation wards of COVID-19 designated hospitals: a nationwide study in China",https://doi.org/10.1186/s12912-021-00795-w,"BMC Nursing"
"Patients’ experiences of attending emergency departments where primary care services are located: qualitative findings from patient and clinician interviews from a realist evaluation",https://doi.org/10.1186/s12873-021-00562-9,"BMC Emergency Medicine"
"Trends and burden of diabetes in pregnancy among Aboriginal and non-Aboriginal mothers in Western Australia, 1998–2015",https://doi.org/10.1186/s12889-022-12663-6,"BMC Public Health"
"Monocyte to high-density lipoprotein cholesterol ratio and serum uric acid in Chinese adults: a cross-sectional study",https://doi.org/10.1186/s12902-022-00966-z,"BMC Endocrine Disorders"
"Overexpression of the Salix matsudana SmAP2-17 gene improves Arabidopsis salinity tolerance by enhancing the expression of SOS3 and ABI5",https://doi.org/10.1186/s12870-022-03487-y,"BMC Plant Biology"
"Family matters in Canada: understanding and addressing family homelessness in Ontario",https://doi.org/10.1186/s12889-022-13028-9,"BMC Public Health"
"The Xenopus phenotype ontology: bridging model organism phenotype data to human health and development",https://doi.org/10.1186/s12859-022-04636-8,"BMC Bioinformatics"
"Dopamine D1- and D2-like receptors oppositely regulate lifespan via a dietary restriction mechanism in Caenorhabditis elegans",https://doi.org/10.1186/s12915-022-01272-9,"BMC Biology"
"Establishment of patient-derived organoids and a characterization-based drug discovery platform for treatment of pancreatic cancer",https://doi.org/10.1186/s12885-022-09619-9,"BMC Cancer"
"The impact of small-group virtual patient simulator training on perceptions of individual learning process and curricular integration: a multicentre cohort study of nursing and medical students",https://doi.org/10.1186/s12909-022-03426-3,"BMC Medical Education"
"Low awareness of oral and injectable PrEP among high-risk adolescent girls and young women in Kampala, Uganda",https://doi.org/10.1186/s12879-022-07398-z,"BMC Infectious Diseases"
"Clinical outcomes and visual prognostic factors in congenital aniridia",https://doi.org/10.1186/s12886-022-02460-5,"BMC Ophthalmology"
"Job crafting and employees’ general health: the role of work–nonwork facilitation and perceived boundary control",https://doi.org/10.1186/s12889-022-13569-z,"BMC Public Health"
"The effect of childhood socioeconomic status on depressive symptoms in middle-old age: the mediating role of life satisfaction",https://doi.org/10.1186/s12888-022-04046-3,"BMC Psychiatry"
"Associations of multicomponent exercise and aspects of physical performance with frailty trajectory in older adults",https://doi.org/10.1186/s12877-022-03246-6,"BMC Geriatrics"
"Therapeutic potential of hair follicle-derived stem cell intranasal transplantation in a rat model of ischemic stroke",https://doi.org/10.1186/s12868-022-00732-w,"BMC Neuroscience"
"Increased blood-based intratumor heterogeneity (bITH) is associated with unfavorable outcomes of immune checkpoint inhibitors plus chemotherapy in non-small cell lung cancer",https://doi.org/10.1186/s12916-022-02444-8,"BMC Medicine"
"Cluster randomised trials with a binary outcome and a small number of clusters: comparison of individual and cluster level analysis method",https://doi.org/10.1186/s12874-022-01699-2,"BMC Medical Research Methodology"
"Predictive factors for open reduction of flexion-type supracondylar fracture of humerus in children",https://doi.org/10.1186/s12891-022-05798-5,"BMC Musculoskeletal Disorders"
"A nationwide cross-sectional review of in-hospital hepatitis B virus testing and disease burden estimation in Ghana, 2016 - 2021",https://doi.org/10.1186/s12889-022-14618-3,"BMC Public Health"
"Rural-urban prescribing patterns by primary care and behavioral health providers in older adults with serious mental illness",https://doi.org/10.1186/s12913-022-08813-6,"BMC Health Services Research"
"The gold-ringed octopus (Amphioctopus fangsiao) genome and cerebral single-nucleus transcriptomes provide insights into the evolution of karyotype and neural novelties",https://doi.org/10.1186/s12915-022-01500-2,"BMC Biology"
"#fitspiration: a comparison of the sport-related social media usage and its impact on body image in young adults",https://doi.org/10.1186/s40359-022-01027-9,"BMC Psychology"
"Contacts with general practitioners, dentists, and medical specialists among nursing home residents: a cross-sectional study in 44 German nursing homes",https://doi.org/10.1186/s12913-021-07429-6,"BMC Health Services Research"
"Prevalence and molecular characterization of Vibrio cholerae from fruits and salad vegetables sold in Jakarta, Indonesia, using most probable number and PCR",https://doi.org/10.1186/s13104-022-05955-y,"BMC Research Notes"
"Haematological consequences of acute uncomplicated falciparum malaria: a WorldWide Antimalarial Resistance Network pooled analysis of individual patient data",https://doi.org/10.1186/s12916-022-02265-9,"BMC Medicine"
"﻿Implementing wildlife fences along highways at the appropriate spatial scale: A case study of reducing road mortality of Florida Key deer",https://doi.org/10.3897/natureconservation.47.72321,"Nature Conservation"
"Association between statin use and physical performance in home-dwelling older patients receiving polypharmacy: cross-sectional study",https://doi.org/10.1186/s12877-022-02942-7,"BMC Geriatrics"
"Awareness of HIV functional cure and willingness in participating in related clinical trials: comparison between antiretroviral naïve and experienced men who have sex with men living with HIV",https://doi.org/10.1186/s12879-022-07346-x,"BMC Infectious Diseases"
"Accumulation-depuration data collection in support of toxicokinetic modelling",https://doi.org/10.1038/s41597-022-01248-y,"Scientific Data"
"Differences in medical costs among urban lung cancer patients with different health insurance schemes: a retrospective study",https://doi.org/10.1186/s12913-022-07957-9,"BMC Health Services Research"
"The effect of TGF-β1 polymorphisms on pulmonary disease progression in patients with cystic fibrosis",https://doi.org/10.1186/s12890-022-01977-1,"BMC Pulmonary Medicine"
"Manual therapy versus advice to stay active for nonspecific back and/or neck pain: a cost-effectiveness analysis",https://doi.org/10.1186/s12998-022-00431-7,"Chiropractic & Manual Therapies"
"Single-molecule long-read sequencing analysis improves genome annotation and sheds new light on the transcripts and splice isoforms of Zoysia japonica",https://doi.org/10.1186/s12870-022-03640-7,"BMC Plant Biology"
"Foxtail mosaic virus-induced gene silencing (VIGS) in switchgrass (Panicum virgatum L.)",https://doi.org/10.1186/s13007-022-00903-0,"Plant Methods"
"Revisiting five decades of &amp;lt;sup&amp;gt;234&amp;lt;/sup&amp;gt;Th data: a comprehensive global oceanic compilation",https://doi.org/10.5194/essd-14-2639-2022,"Earth system science data"
"Gene expression variation explains maize seed germination heterosis",https://doi.org/10.1186/s12870-022-03690-x,"BMC Plant Biology"
"In search of the Aplysia immunome: an in silico study",https://doi.org/10.1186/s12864-022-08780-6,"BMC Genomics"
"Being silenced, loneliness and being heard: understanding pathways to intimate partner violence &amp; abuse in young adults. a mixed-methods study",https://doi.org/10.1186/s12889-022-13990-4,"BMC Public Health"
"Capturing the COVID-19 Crisis through Public Health and Social Measures Data Science",https://doi.org/10.1038/s41597-022-01616-8,"Scientific Data"
"Constitutive overexpression of GsIMaT2 gene from wild soybean enhances rhizobia interaction and increase nodulation in soybean (Glycine max)",https://doi.org/10.1186/s12870-022-03811-6,"BMC Plant Biology"
"Autistic children and adolescents with frequent restricted interest and repetitive behavior showed more difficulty in social cognition during mask-wearing during the COVID-19 pandemic: a multisite survey",https://doi.org/10.1186/s12888-022-04249-8,"BMC Psychiatry"
"Palliative care symptoms, concerns and well-being of older people with frailty and complex care needs upon hospital discharge: a cross-sectional study",https://doi.org/10.1186/s12904-022-01065-5,"BMC Palliative Care"
"Relationship between the expression of ARHGAP25 and RhoA in non-small cell lung cancer and vasculogenic mimicry",https://doi.org/10.1186/s12890-022-02179-5,"BMC Pulmonary Medicine"
"HiFi chromosome-scale diploid assemblies of the grape rootstocks 110R, Kober 5BB, and 101–14 Mgt",https://doi.org/10.1038/s41597-022-01753-0,"Scientific Data"
"Folate regulates RNA m5C modification and translation in neural stem cells",https://doi.org/10.1186/s12915-022-01467-0,"BMC Biology"
"Building engagement to support adoption of community-based substance use prevention initiatives",https://doi.org/10.1186/s12889-022-14496-9,"BMC Public Health"
"Lipid accumulation product, visceral adiposity index and risk of chronic kidney disease",https://doi.org/10.1186/s12882-022-03026-9,"BMC Nephrology"
"Metaphor—A workflow for streamlined assembly and binning of metagenomes",https://doi.org/10.1093/gigascience/giad055,"GigaScience"
"Explanatory role of sociodemographic, clinical, behavioral, and social factors on cognitive decline in older adults with diabetes",https://doi.org/10.1186/s12877-021-02740-7,"BMC Geriatrics"
"Prevalence and associated factors of minimally invasive facial cosmetic surgery in Chinese college students",https://doi.org/10.1186/s12888-021-03676-3,"BMC Psychiatry"
"Checkpoint inhibitors in metastatic gastric and GEJ cancer: a multi-institutional retrospective analysis of real-world data in a Western cohort",https://doi.org/10.1186/s12885-021-09115-6,"BMC Cancer"
"Decadal change in the association between the status of young mother’s Body Mass Index and anaemia with child low birth weight in India",https://doi.org/10.1186/s12884-022-04486-5,"BMC Pregnancy and Childbirth"
"Healthcare system resilience in Bangladesh and Haiti in times of global changes (climate-related events, migration and Covid-19): an interdisciplinary mixed method research protocol",https://doi.org/10.1186/s12913-021-07294-3,"BMC Health Services Research"
"Full-length transcriptome reconstruction reveals genetic differences in hybrids of Oryza sativa and Oryza punctata with different ploidy and genome compositions",https://doi.org/10.1186/s12870-022-03502-2,"BMC Plant Biology"
"The pregnancy experiences and antenatal care services of Chinese migrants in Switzerland: a qualitative study",https://doi.org/10.1186/s12884-022-04444-1,"BMC Pregnancy and Childbirth"
"An integrative gene expression signature analysis identifies CMS4 KRAS-mutated colorectal cancers sensitive to combined MEK and SRC targeted therapy",https://doi.org/10.1186/s12885-022-09344-3,"BMC Cancer"
"Comparative transcriptomics and eQTL mapping of response to Melampsora americana in selected Salix purpurea F2 progeny",https://doi.org/10.1186/s12864-021-08254-1,"BMC Genomics"
"Global near real‐time daily apparent temperature and heat wave dataset",https://doi.org/10.1002/gdj3.155,"Geoscience Data Journal"
"An exploration of person-centred approach in end-of-life care policies in England and Japan",https://doi.org/10.1186/s12904-022-00965-w,"BMC Palliative Care"
"Gene alternation of cerebrospinal fluid in patients with leptomeningeal metastases of lung adenocarcinoma using next-generation sequencing",https://doi.org/10.1186/s12885-022-09597-y,"BMC Cancer"
"Mobility test to assess functional vision in dark-adapted patients with Leber congenital amaurosis",https://doi.org/10.1186/s12886-022-02475-y,"BMC Ophthalmology"
"Human papillomavirus vaccine beliefs and practice characteristics in rural and urban adolescent care providers",https://doi.org/10.1186/s12889-022-13751-3,"BMC Public Health"
"Intratesticular versus intraperitoneal injection of Busulfan for the induction of azoospermia in a rat model",https://doi.org/10.1186/s40360-022-00587-1,"BMC Pharmacology and Toxicology"
"Thoracoscopic posterior tracheopexy during primary esophageal atresia repair ameliorate tracheomalacia in neonates: a single-center retrospective comparative cohort study",https://doi.org/10.1186/s12893-022-01738-1,"BMC Surgery"
"Analysis and prognostic significance of tumour immune infiltrates and immune microenvironment of m6A-related lncRNAs in patients with gastric cancer",https://doi.org/10.1186/s12920-022-01318-5,"BMC Medical Genomics"
"Fetuin-A mediates the difference in adipose tissue insulin resistance between young adult pakistani and norwegian patients with type 2 diabetes",https://doi.org/10.1186/s12902-022-01127-y,"BMC Endocrine Disorders"
"Comparative transcriptome analysis of longissimus dorsi tissues with different intramuscular fat contents from Guangling donkeys",https://doi.org/10.1186/s12864-022-08857-2,"BMC Genomics"
"Investigation of CRS-associated cytokines in CAR-T therapy with meta-GNN and pathway crosstalk",https://doi.org/10.1186/s12859-022-04917-2,"BMC Bioinformatics"
"Socioeconomic position and adverse childhood experiences as risk factors for health-related behaviour change and employment adversity during the COVID-19 pandemic: insights from a prospective cohort study in the UK",https://doi.org/10.1186/s12889-022-14184-8,"BMC Public Health"
"Effect of the prosthetic index on stress distribution in Morse taper connection implant system and peri-implant bone: a 3D finite element analysis",https://doi.org/10.1186/s12903-022-02465-y,"BMC Oral Health"
"Comparative analysis of the endophytic bacteria inhabiting the phyllosphere of aquatic fern Azolla species by high-throughput sequencing",https://doi.org/10.1186/s12866-022-02639-2,"BMC Microbiology"
"DrugTax: package for drug taxonomy identification and explainable feature extraction",https://doi.org/10.1186/s13321-022-00649-w,"Journal of Cheminformatics"
"Illuminating links between cis-regulators and trans-acting variants in the human prefrontal cortex",https://doi.org/10.1186/s13073-022-01133-8,"Genome Medicine"
"Genome-wide identification of SNPs associated with body weight in yak",https://doi.org/10.1186/s12864-022-09077-4,"BMC Genomics"
"Congenital syphilis as the cause of multiple bone fractures in a young infant case report",https://doi.org/10.1186/s12887-022-03789-y,"BMC Pediatrics"
"KGML-xDTD: a knowledge graph–based machine learning framework for drug treatment prediction and mechanism description",https://doi.org/10.1093/gigascience/giad057,"GigaScience"
"Dignity therapy intervention fidelity: a cross-sectional descriptive study with older adult outpatients with cancer",https://doi.org/10.1186/s12904-021-00888-y,"BMC Palliative Care"
"Whole genome sequencing-based classification of human-related Haemophilus species and detection of antimicrobial resistance genes",https://doi.org/10.1186/s13073-022-01017-x,"Genome Medicine"
"Pre-hospital transdermal glyceryl trinitrate in patients with stroke mimics: data from the RIGHT-2 randomised-controlled ambulance trial",https://doi.org/10.1186/s12873-021-00560-x,"BMC Emergency Medicine"
"Nuclear morphometry and chromatin texture changes in hepatocellular carcinoma samples may predict outcomes of liver transplanted patients",https://doi.org/10.1186/s12876-022-02262-5,"BMC Gastroenterology"
"The microbiomes of the eyelid and buccal area of patients with uveitic glaucoma",https://doi.org/10.1186/s12886-022-02395-x,"BMC Ophthalmology"
"Factors contributing to household wealth inequality in under-five deaths in low- and middle-income countries: decomposition analysis",https://doi.org/10.1186/s12889-022-12988-2,"BMC Public Health"
"A global dataset on subgrid land surface climate (2015–2100) from the Community Earth System Model",https://doi.org/10.1002/gdj3.153,"Geoscience Data Journal"
"Vitamin D supplementation and body composition changes in collegiate basketball players: a 12-week randomized control trial",https://doi.org/10.1080/15502783.2022.2046444,"Journal of the International Society of Sports Nutrition"
"﻿A new species of the Spirobranchus kraussii complex, S. akitsushima (Annelida, Polychaeta, Serpulidae), from the rocky intertidal zone of Japan",https://doi.org/10.3897/zookeys.1100.79569,"ZooKeys"
"Registered Nurses' experiences of reading and using research for work and education: a qualitative research study",https://doi.org/10.1186/s12912-022-00877-3,"BMC Nursing"
"CAN-SAR: A database of Canadian species at risk information",https://doi.org/10.1038/s41597-022-01381-8,"Scientific Data"
"Additional data on the investigation of the reaction mechanisms for the production of silica hyperbranched polyethylene imine silver nanoparticle composites",https://doi.org/10.1016/j.dib.2022.108374,"Data in Brief"
"Environmental risks to humans, the first database of valence and arousal ratings for images of natural hazards",https://doi.org/10.1038/s41597-022-01370-x,"Scientific Data"
"Alternative splicing plays key roles in response to stress across different stages of fighting in the fish Betta splendens",https://doi.org/10.1186/s12864-022-08609-2,"BMC Genomics"
"Polygenic risk scores indicate extreme ages at onset of breast cancer in female BRCA1/2 pathogenic variant carriers",https://doi.org/10.1186/s12885-022-09780-1,"BMC Cancer"
"Identification and integrated analysis of lncRNAs and miRNAs in IPEC-J2 cells provide novel insight into the regulation of the innate immune response by PDCoV infection",https://doi.org/10.1186/s12864-022-08722-2,"BMC Genomics"
"Co-implementing vitamin A supplementation with seasonal malaria chemoprevention in Sokoto State, Nigeria: a feasibility and acceptability study",https://doi.org/10.1186/s12913-022-08264-z,"BMC Health Services Research"
"Nonalcoholic steatohepatitis medical patient journey from the perspective of hepatologists, gastroenterologists and patients: a cross-sectional survey",https://doi.org/10.1186/s12876-022-02410-x,"BMC Gastroenterology"
"Characterizing people with frequent emergency department visits and substance use: a retrospective cohort study of linked administrative data in Ontario, Alberta, and B.C., Canada",https://doi.org/10.1186/s12873-022-00673-x,"BMC Emergency Medicine"
"ProbeTools: designing hybridization probes for targeted genomic sequencing of diverse and hypervariable viral taxa",https://doi.org/10.1186/s12864-022-08790-4,"BMC Genomics"
"Perceptions of employees with a low and medium level of education towards workplace health promotion programmes: a mixed-methods study",https://doi.org/10.1186/s12889-022-13976-2,"BMC Public Health"
"Behavioral differences among domestic cats in the response to cat-attracting plants and their volatile compounds reveal a potential distinct mechanism of action for actinidine",https://doi.org/10.1186/s12915-022-01369-1,"BMC Biology"
"Crowdsourced benchmarking of taxonomic metagenome profilers: lessons learned from the sbv IMPROVER Microbiomics challenge",https://doi.org/10.1186/s12864-022-08803-2,"BMC Genomics"
"Differential diagnosis of non-diffuse primary thyroid lymphoma and papillary thyroid carcinoma by ultrasound combined with computed tomography",https://doi.org/10.1186/s12885-022-10035-2,"BMC Cancer"
"Associations between ambient air pollution, obesity, and serum vitamin D status in the general population of Korean adults",https://doi.org/10.1186/s12889-022-14164-y,"BMC Public Health"
"Pregnancy loss and the risk of rheumatoid arthritis in Chinese women: findings from the China Kadoorie biobank",https://doi.org/10.1186/s12889-022-14163-z,"BMC Public Health"
"Optical emissivity dataset of multi-material heterogeneous designs generated with automated figure extraction",https://doi.org/10.1038/s41597-022-01699-3,"Scientific Data"
"The hidden burden of medical testing: public views and experiences of COVID-19 testing as a social and ethical process",https://doi.org/10.1186/s12889-022-14217-2,"BMC Public Health"
"Effect of an increase in Lp(a) following statin therapy on cardiovascular prognosis in secondary prevention population of coronary artery disease",https://doi.org/10.1186/s12872-022-02932-y,"BMC Cardiovascular Disorders"
"SLAM Project - Long Term Ecological Study of the Impacts of Climate Change in the natural forests of Azores: V - New records of terrestrial arthropods after ten years of SLAM sampling",https://doi.org/10.3897/bdj.10.e97952,"Biodiversity Data Journal"
